project_id,name,coingecko-id,description,token_image_url,ticker,website_url,webapp_url,contract_url,coingecko_url,llama_url,dune_url,rekt_url,whitepaper_url,github_url,docs_url,twitter_url,discord_url,telegram_url,medium_url,tag1,tag2,tag3,tag4
1,1inch,1inch,"DeFi / DEX aggregator that is interested in high liquidity and optimal rates on Ethereum, Binance Smart Chain, Optimism, Polygon",https://assets.coingecko.com/coins/images/13469/thumb/1inch-token.png?1608803028,1INCH,https://1inch.exchange/#/,https://app.1inch.io/#/1/swap/ETH/DAI,,https://www.coingecko.com/en/coins/1inch,https://defillama.com/protocol/1inch,https://dune.xyz/projects/1inch,,,https://github.com/1inch,,https://twitter.com/1inch,https://discord.com/invite/FZADkCZ,https://t.me/OneInchNetwork,https://blog.1inch.io/,dex,amm,,
2,AAVE,aave,"Aave is a decentralized money market protocol where people can lend out their assets to earn interest, or borrow various cryptocurrencies against their deposited collateral. The protocol has a native token AAVE, which is used by its community to make collective decisions on the direction of the protocol.",https://assets.coingecko.com/coins/images/12645/thumb/AAVE.png?1601374110,AAVE,https://aave.com/,https://app.aave.com/markets,https://docs.aave.com/developers/the-core-protocol/aave-token,https://www.coingecko.com/en/coins/aave,https://defillama.com/protocol/aave,https://dune.xyz/projects/aave,,https://github.com/aave/aave-protocol/blob/master/docs/Aave_Protocol_Whitepaper_v1_0.pdf,https://github.com/aave,https://docs.aave.com/developers/,https://twitter.com/AaveAave,https://discord.com/invite/adPfquZDZc,https://t.me/Aavesome,https://medium.com/aave,yield,,,
3,Alchemix,alchemix,"Alchemix Finance is a DeFi protocol that allows people to create yield-backed synthetic tokens in exchange for providing their cryptocurrencies as collateral. Visitors can for example deposit their DAI into the protocol, and receive (a lesser amount of) alUSD tokens, equally pegged to $1. The protocol uses the collateral provided by its visitors to collect yield and dynamically repay the depositors' debt, essentially giving its users an immediate claim on the future yield of their tokens. The protocols native token is ALCX, used to govern the development and directional decisions of Alchemix.",https://app.alchemix.fi/static/media/AlchemixLogo.af98983b.png,ALCX,https://alchemix.fi/,https://app.alchemix.fi/,https://etherscan.io/token/0xdbdb4d16eda451d0503b854cf79d55697f90c8df,https://www.coingecko.com/en/coins/alchemix,https://defillama.com/protocol/alchemix,,,https://alchemix.fi/c76d1d663f6c8247b86a8fca83d5bd1b.pdf,https://github.com/alchemix-finance,,https://twitter.com/alchemixfi,https://discord.com/invite/zAd6dzgwaj,,https://alchemixfi.medium.com/,yield,,,
4,Alpha,alpha-finance,Alpha Homora V2 is a leveraged yield farming and leveraged liquidity providing protocol.,https://assets.coingecko.com/coins/images/12738/thumb/AlphaToken_256x256.png?1617160876,ALPHA,https://homora-v2.alphafinance.io/,https://homora-v2.alphafinance.io/,https://etherscan.io/token/0xa1faa113cbe53436df28ff0aee54275c13b40975,https://www.coingecko.com/en/coins/alpha-finance,https://defillama.com/protocol/alpha-finance,,,https://github.com/AlphaFinanceLab/alpha-lending-smart-contract/blob/master/documents/Alpha%20Lending%20Whitepaper.pdf,https://github.com/AlphaFinanceLab,https://alphafinancelab.gitbook.io/alpha-finance-lab/,https://twitter.com/alphafinancelab,https://discord.com/invite/Z2vuKDT,https://t.me/AlphaFinanceLab,https://blog.alphafinance.io/,yield,,,
5,Airswap,airswap,AirSwap is an open developer community focused on decentralized trading systems. AirSwap technology powers peer-to-peer swap networks using de facto standard RFQ and Last Look protocols making it the weapon of choice for traditional market makers entering the decentralized financial system.,https://assets.coingecko.com/coins/images/1019/thumb/AST.png?1547034939,AST,https://www.airswap.io/,https://trader.airswap.io/,https://docs.airswap.io/contract-deployments,https://www.coingecko.com/en/coins/airswap,,,,https://www.airswap.io/whitepaper.htm,https://github.com/airswap,https://docs.airswap.io/,https://twitter.com/airswap,https://discord.com/invite/ecQbV7H,https://t.me/airswap,https://airswap.medium.com/,dex,amm,,
6,Badger,badger-dao,Badger is a decentralized autonomous organization (DAO) with a single purpose: build the products and infrastructure necessary to accelerate Bitcoin as collateral across other blockchains.,https://assets.coingecko.com/coins/images/13287/thumb/badger_dao_logo.jpg?1607054976,BADGER,https://badger.finance/,https://app.badger.finance/,https://etherscan.io/token/0x3472a5a71965499acd81997a54bba8d852c6e53d,https://www.coingecko.com/en/coins/badger-dao,https://defillama.com/protocol/badger-dao,https://dune.xyz/projects/badgerdao,,,https://github.com/Badger-Finance,https://badger-finance.gitbook.io/badger-finance/badger-dao/overview,https://twitter.com/badgerdao,https://discord.com/invite/xSPFHHS,https://t.me/badger_dao,https://badgerdao.medium.com/,yield,,,
7,Balancer,balancer,"Balancer is a decentralized exchange protocol. It allows people to depost their crypto tokens into various liquidity pools, or to trade tokens provided by others with the help of the protocol's self-balancing automated market maker mechanism. The protocol's native token is BAL, used for governing the protocol's development by the community.",https://assets.coingecko.com/coins/images/11683/large/Balancer.png?1592792958,BAL,https://balancer.fi/,https://app.balancer.fi/#/trade,,https://www.coingecko.com/en/coins/balancer,https://defillama.com/protocol/balancer,https://dune.xyz/projects/balancer,,https://balancer.fi/whitepaper.pdf,https://github.com/balancer-labs,,https://twitter.com/BalancerLabs,https://discord.com/invite/ARJWaeF,,https://medium.com/balancer-protocol,dex,amm,,
8,Bancor,bancor,"Bancor is a decentralized exchange. It is distinguished from other DEX protocols by its automated market maker, which lets people deposit liquidity in a single-sided fashion, whereas many other platforms require its visitors to provide liquidity with their tokens in an inherently two-sided way. Bancor's automated market maker mechanism achieves this through its native token, BNT, which is dynamically minted and co-invested by the protocol when visitors deposit their collateral as liquidity. Besides having BNT as the unitary counterpart asset of exchange for trading on the platform, the protocol also offers a unique solution against Impermanent Loss to its liquidity providers.",https://raw.githubusercontent.com/trustwallet/assets/master/blockchains/ethereum/assets/0x1F573D6Fb3F13d689FF844B4cE37794d79a7FF1C/logo.png,BNT,https://bancor.network/,https://app.bancor.network/eth/data,https://docs.bancor.network/ethereum-contracts/addresses,https://www.coingecko.com/en/coins/bancor-network,https://defillama.com/protocol/bancor,https://dune.xyz/projects/bancor,,https://storage.googleapis.com/website-bancor/2018/04/01ba8253-bancor_protocol_whitepaper_en.pdf,https://github.com/bancorprotocol,https://docs.bancor.network/,https://twitter.com/Bancor,https://discord.com/invite/2ynKu8h5uV,https://t.me/bancor,https://bancor.medium.com/,yield,,,
9,Bancor,bancor,"Bancor is a decentralized exchange. It is distinguished from other DEX protocols by its automated market maker, which lets people deposit liquidity in a single-sided fashion, whereas many other platforms require its visitors to provide liquidity with their tokens in an inherently two-sided way. Bancor's automated market maker mechanism achieves this through its native token, BNT, which is dynamically minted and co-invested by the protocol when visitors deposit their collateral as liquidity. Besides having BNT as the unitary counterpart asset of exchange for trading on the platform, the protocol also offers a unique solution against Impermanent Loss to its liquidity providers.",https://s2.coinmarketcap.com/static/img/coins/200x200/1727.png,BNT,https://bancor.network/,https://app.bancor.network/eth/data,https://docs.bancor.network/ethereum-contracts/addresses,https://www.coingecko.com/en/coins/bancor-network,https://defillama.com/protocol/bancor,https://dune.xyz/projects/bancor,,https://storage.googleapis.com/website-bancor/2018/04/01ba8253-bancor_protocol_whitepaper_en.pdf,https://github.com/bancorprotocol,https://docs.bancor.network/,https://twitter.com/Bancor,https://discord.com/invite/2ynKu8h5uV,https://t.me/bancor,https://bancor.medium.com/,dex,amm,,
10,Compound,compound-governance-token,"Compound is a decentralized autonomous interest rate protocol. It allows people to lend and borrow their cryptocurrencies, and establishes money markets by algorithmically setting interest rates based on supply and demand of various assets. Its native token is COMP, allowing holders to propose and vote on changes made to the protocol.",https://assets.coingecko.com/coins/images/10775/thumb/COMP.png?1592625425,COMP,https://compound.finance/,https://app.compound.finance/,https://compound.finance/docs#networks,https://www.coingecko.com/en/coins/compound,https://defillama.com/protocol/compound,https://dune.xyz/projects/compound,,https://compound.finance/documents/Compound.Whitepaper.pdf,https://github.com/compound-finance,https://compound.finance/docs,https://twitter.com/compoundfinance,https://discord.com/invite/cU7vmVW,,https://medium.com/compound-finance,yield,,,
11,Curve,curve-dao-token,"Curve is a decentralized exchange protocol. It is mainly utilized for swapping various stablecoins, as its Automated Market Maker mechanism is designed to handle such trades very efficiently. The protocol's native token is CRV, which people may stake for periods of time in order to earn the right to partake in the protocol's governance decisions as well as to claim a part of the protocol's cash flows.",https://assets.coingecko.com/coins/images/12124/thumb/Curve.png?1597369484,CRV,https://www.curve.fi/,https://curve.fi/,https://curve.fi/contracts,https://www.coingecko.com/en/coins/curve-dao-token,https://defillama.com/protocol/curve,https://dune.xyz/projects/curvefi,,https://curve.fi/whitepaper,https://github.com/curvefi,https://curve.readthedocs.io/,https://twitter.com/curvefinance,https://discord.com/invite/9uEHakc,https://t.me/curvefi,,yield,,,
12,Dodo,dodo,"DODO is a decentralized exchange platform powered by the Proactive Market Maker (PMM) algorithm. It features highly capital-efficient liquidity pools that support single-token provision, reduce impermanent loss, and minimize slippage for traders. The trading platform also offers SmartTrade, a decentralized liquidity aggregation service that routes to and compares various liquidity sources to quote the optimal swap rate between any two token.",https://assets.coingecko.com/coins/images/12651/thumb/dodo_logo.png?1601433025,DODO,https://dodoex.io/,https://app.dodoex.io/exchange/ETH-USDC?network=mainnet,https://dodoex.github.io/docs/docs/deployedInfo/,https://www.coingecko.com/en/coins/dodo,https://defillama.com/protocol/dodo,,,https://dodoex.github.io/docs/docs/whitepaper/,https://github.com/DODOEX,https://dodoex.github.io/docs/docs/,https://twitter.com/BreederDodo,https://discord.com/invite/tyKReUK,https://t.me/dodoex_official,https://medium.com/dodoex,yield,,,
13,Unit,unit-protocol,Unit protocol is a decentralized borrowing protocol that allows using a variety of tokens as collateral. $COL token. $USDP stable coin.,https://assets.coingecko.com/coins/images/11862/thumb/Unit.png?1595580755,DUCK,https://unit.xyz/,https://unit.xyz/,https://github.com/unitprotocol/core/blob/master/CONTRACTS.md,https://www.coingecko.com/en/coins/unit-protocol,https://defillama.com/protocol/unit-protocol,https://dune.xyz/projects/unitprotocol,,,https://github.com/unitprotocol,https://docs.unit.xyz/,https://twitter.com/unitprotocol,https://discord.com/invite/7ry3GH53gm,https://t.me/unit_en,https://unitprotocol.medium.com/,yield,,,
14,Harvest Finance,harvest-finance,"Harvest is an international cooperative of humble farmers pooling resources together in order to earn DeFi yields. When farmers deposit, Harvest automatically farms the highest yields with these deposits using the latest farming techniques.",https://assets.coingecko.com/coins/images/12304/thumb/Harvest.png?1613016180,FARM,https://harvest.finance/,https://harvest.finance/,https://farm.chainwiki.dev/en/contracts,https://www.coingecko.com/en/coins/harvest-finance,https://defillama.com/protocol/harvest-finance,,,,https://github.com/harvest-finance,https://farm.chainwiki.dev/en/home,https://twitter.com/harvest_finance,https://discord.com/invite/R5SeTVR,https://t.me/Breadforthepeople,https://medium.com/harvest-finance,yield,,,
15,FTX,ftx-token,"FTX is a cryptocurrency exchange built by traders, for traders. FTX offers products including industry-first derivatives, options, volatility products and leveraged tokens. FTX aims to develop a platform robust enough for professional trading firms and intuitive enough for first-time users.",https://i.imgur.com/yQDvfFn.png,FTT,https://ftx.com/,,,https://www.coingecko.com/en/coins/ftx-token,,,,https://ftx.com/static/media/ftt-white-paper.92bb0d80.pdf,,,https://twitter.com/FTX_Official,,https://t.me/FTX_Official,https://ftx.medium.com/,cex,buy-crypto,,
16,Kyber,kyber-network-crystal,Kyber Network is a blockchain-based liquidity hub that connects liquidity from a wide range of sources to power instant and secure crypto exchange in any decentralized application.,https://cryptologos.cc/logos/kyber-network-knc-logo.png,KNC,https://kyber.network/,https://kyberswap.com/swap,,https://www.coingecko.com/en/coins/kyber-network-crystal,https://defillama.com/protocol/kyber,https://dune.xyz/projects/kyber,,https://files.kyber.network/Kyber_Protocol_22_April_v0.1.pdf,https://github.com/kybernetwork,https://developer.kyber.network/docs/Katalyst-Intro/,https://twitter.com/kybernetwork,https://discord.com/invite/HdXWUb2pQM,https://t.me/officialkybernetwork,https://medium.com/@kyberteam,dex,amm,,
17,Loopring,loopring,"Loopring is a zkRollup exchange and payment protocolLoopring is an Ethereum Layer-2 scaling protocol. It allows for building high-throughput, low-cost, non-custodial AMMs, orderbook exchanges, and payment applications on Ethereum by leveraging Zero-Knowledge Proofs.",https://raw.githubusercontent.com/trustwallet/assets/master/blockchains/ethereum/assets/0xBBbbCA6A901c926F240b89EacB641d8Aec7AEafD/logo.png,LRC,https://loopring.io/#/,https://exchange.loopring.io/swap,https://loopring.readthedocs.io/en/latest/English/token/,https://www.coingecko.com/en/coins/loopring,https://defillama.com/protocol/loopring,https://dune.xyz/projects/loopring,,https://loopring.org/resources/en_whitepaper.pdf,https://github.com/Loopring,https://docs.loopring.io/en/,https://twitter.com/loopringorg,https://discord.com/invite/KkYccYp,https://t.me/loopring_en,https://medium.com/loopring-protocol,dex,amm,,
18,Polygon,matic-network,Polygon is a protocol and a framework for building and connecting Ethereum-compatible blockchain networks,https://cryptologos.cc/logos/polygon-matic-logo.png,MATIC,https://polygon.technology/,https://polygon.technology/get-started/,,https://www.coingecko.com/en/coins/polygon,https://defillama.com/chain/Polygon,,,,,,,,,,infrastructure,,,
19,Maker,maker,"Maker is a decentralized lending platform that allows people to lock in their crypto collateral in exchange for DAI, a decentralized stablecoin whose price target is pegged to $1. The protocol's native token used for governance is MKR.",https://assets.coingecko.com/coins/images/1364/thumb/Mark_Maker.png?1585191826,MKR,https://makerdao.com/,https://oasis.app/,https://etherscan.io/token/0x9f8f72aa9304c8b593d555f12ef6589cc3a579a2,https://www.coingecko.com/en/coins/maker,https://defillama.com/protocol/makerdao,https://dune.xyz/projects/makerdao,,https://makerdao.com/en/whitepaper/,https://github.com/makerdao,https://docs.makerdao.com/ ,https://twitter.com/MakerDAO,,https://t.me/makerdaoOfficial,https://medium.com/@MakerDAO,yield,,,
20,Indexed finance,indexed-finance,"Indexed Finance is a project focused on the development of passive portfolio management strategies for the Ethereum network. Indexed Finance is managed by the holders of its governance token NDX, which is used to vote on proposals for protocol updates and high level index management such as the definition of market sectors and the creation of new management strategies.",https://assets.coingecko.com/coins/images/13546/thumb/indexed-light.74bb5471.png?1609712728,NDX,https://indexed.finance/,https://indexed.finance/,https://etherscan.io/token/0x86772b1409b61c639eaac9ba0acfbb6e238e5f83,https://www.coingecko.com/en/coins/indexed-finance,https://defillama.com/protocol/indexed-finance,,,,https://github.com/indexed-finance,https://github.com/indexed-finance/docs,https://twitter.com/ndxfi,https://discord.com/invite/jaeSTNPNt9,https://t.me/ndxfi,https://ndxfi.medium.com/,yield,,,
21,Numeraire,numeraire,The hardest data science tournament on the planet. Build the world's last hedge fund by predicting the stock market.,https://assets.coingecko.com/coins/images/752/thumb/numeraire.png?1592538976,NMR,https://numer.ai/,,,,,,,,,,,,,,yield,,,
22,Premia,premia,"Premia's automated options market enables best-in-class pricing based on realtime supply and demand, bringing fully-featured peer-to-pool trading and capital efficiency to DeFi options.",https://assets.coingecko.com/coins/images/13962/small/apple-touch-icon.png,PREMIA,https://premia.finance/,https://premia.finance/positions,https://github.com/PremiaFinance/premia-contracts,https://www.coingecko.com/en/coins/premia,https://defillama.com/protocol/premia,,,,https://github.com/PremiaFinance,,https://twitter.com/PremiaFinance,https://discord.com/invite/xun5EWJFhH,,https://premia.medium.com/,yield,,,
23,Rari Capital,rari-governance-token,"Rari Capital is a suite of decentralized finance protocols on a mission to bridge the gap between technical and non-technical minds, in order to bring the next wave of mass users into this industry. We have built a series of products that create and deliver aggregate yield, allowing you a simple and safe avenue of value-accrual to your existing assets.",https://assets.coingecko.com/coins/images/12900/thumb/Rari_Logo_Transparent.png?1613978014,RGT,https://rari.capital/,https://app.rari.capital/,,https://www.coingecko.com/en/coins/rari-governance-token,https://defillama.com/protocol/rari-capital,,,,https://github.com/Rari-Capital,https://docs.rari.capital/,https://twitter.com/RariCapital,https://discord.com/invite/HzUMPuT,https://t.me/RariCapitalChat,https://medium.com/rari-capital,yield,,,
24,Synthetix,havven,"Synthetix is a decentralized synthetic asset issuance protocol. It allows people to stake its native token, SNX, over periods of time, in exchange of synthetic assets, which may reflect fiat (or crypto-) currencies, commodities, and other sorts of financial assets. By cultivating an ecosystem of synths backed by a single collateral, the protocol allows people to gain exposure to a variety of assets, as well as trade them for one another in an efficient way.",https://raw.githubusercontent.com/trustwallet/assets/master/blockchains/ethereum/assets/0xC011a73ee8576Fb46F5E1c5751cA3B9Fe0af2a6F/logo.png,SNX,https://synthetix.io/,https://www.synthetix.io/synths,https://docs.synthetix.io/addresses/,https://www.coingecko.com/en/coins/synthetix-network-token,,,,https://www.synthetix.io/uploads/synthetix_whitepaper.pdf,https://github.com/Synthetixio,https://docs.synthetix.io/,https://twitter.com/synthetix_io,https://discord.com/invite/AEdUHzt,https://t.me/havven_news,https://blog.synthetix.io/,infrastructure,,,
25,Sushi,sushi,"Sushiswap is a decentralized exchange protocol. While originally launching as a Uniswap fork, the project's community has since developed a wide range of features that make use of decentralized liquidity pools. The Kasi suite of the protocol allows people to lend and borrow tokens as well as to trade with leverage in a decentralized way, for example. The protocols native token, SUSHI, can be staked in order to claim a part of the protocol's fees.",https://assets.coingecko.com/coins/images/12271/thumb/512x512_Logo_no_chop.png?1606986688,SUSHI,https://www.sushi.com/,https://app.sushi.com/swap,https://dev.sushi.com/sushiswap/contracts,https://www.coingecko.com/en/coins/sushi,https://defillama.com/protocol/sushiswap,,,,https://github.com/sushiswap,https://dev.sushi.com/,https://twitter.com/sushiswap,https://discord.com/invite/CD2YdZzb7Z,,https://medium.com/sushiswap-org,dex,amm,,
26,Uniswap,uniswap,"Uniswap is a decentralized exchange protocol. It allows people to set up or contribute to liquidity pools consisting of various ERC-20 pairs, or to use the available liquidity to swap their tokens against another using its Automated Market Maker mechanism. The protocols native governance token is UNI, allowing holders to propose and vote on changes made to the Uniswap protocol.",https://ipfs.io/ipfs/QmXttGpZrECX5qCyXbBQiqgQNytVGeZW5Anewvh2jc4psg,UNI,https://app.uniswap.org/,https://app.uniswap.org/#/swap,https://etherscan.io/token/0x1f9840a85d5af5bf1d1762f925bdaddc4201f984,https://www.coingecko.com/en/coins/uniswap,https://defillama.com/protocol/uniswap,https://dune.xyz/projects/uniswap,,https://uniswap.org/whitepaper-v3.pdf,https://github.com/Uniswap,,https://twitter.com/Uniswap,https://discord.com/invite/FCfyBSbCU5,,,dex,amm,,
27,Yam finance,yam-2,"Yam launched on August 12th, 2020 as An Experiment in Fair Farming, Governance, and Elasticity. Yam Protocol mashes up some of the most exciting innovations in programmable money and governance. Built by a team of DeFi natives, but now controlled by the community. On December 29th, 2020 the Yam community has voted to disable the rebasing / elastic supply function of Yam and the scaling factor of Yam has been fixed at 2.50.",https://assets.coingecko.com/coins/images/12179/thumb/YAM-v2.png?1597892396,YAM,https://yam.finance/,https://yam.finance/dashboard,,https://www.coingecko.com/en/coins/yam,https://defillama.com/protocol/yam-finance,,,,https://github.com/yam-finance,,https://twitter.com/YamFinance,https://discord.com/invite/nKKhBbk,,https://yamfinance.medium.com/,yield,,,
28,Yearn,yearn-finance,"Yearn finance is a protocol of DeFi protocols, in a way. People can deposit their tokens into yearn's vaults to earn yield on their crypto assets in various ways. The protocol employs numerous strategies to find the best opportunities the DeFi market presents across various lending- and trading platforms. YFI is the governance token for the Yearn Finance protocol. It can be used to vote and receive cash flows from the fees earned by the protocol.",https://assets.coingecko.com/coins/images/11849/thumb/yfi-192x192.png?1598325330,YFI,https://yearn.finance/,https://yearn.finance/vaults,https://docs.yearn.finance/developers/deployed-contracts-registry,https://www.coingecko.com/en/coins/yearn-finance,https://defillama.com/protocol/yearn-finance,https://dune.xyz/projects/yearn,,,https://github.com/yearn,https://docs.yearn.finance/,https://twitter.com/iearnfinance,https://discord.com/invite/93PHbB4,https://t.me/yearnfinance,https://medium.com/iearn,yield,,,
29,0x,0x,0x is a protocol that facilitates the peer-to-peer exchange of Ethereum-based assets. The protocol serves as an open standard and common building block for any developer needing exchange functionality. 0x provides secure smart contracts that are externally audited; developer tools tailored to the 0x ecosystem; and open access to a pool of shared liquidity. Developers can integrate with 0x at the smart contract or application layer.,https://assets.coingecko.com/coins/images/863/thumb/0x.png?1547034672,ZRX,https://0x.org/,https://matcha.xyz/,https://etherscan.io/token/0xe41d2489571d322189246dafa5ebde1f4699f498,https://www.coingecko.com/en/coins/0x,,https://dune.xyz/projects/0x,,https://0x.org/docs/core-concepts,https://github.com/0xProject,https://0x.org/docs,https://twitter.com/0xproject,https://discord.gg/d3FTX3M,,,defi,dex,infrastructure,
30,Defi llama,,DefiLlama is committed to accurate data without ads or sponsored content and transparency. They list DeFi projects from all chains.,,,https://defillama.com/home,,,,,,,,,,,,,,analytics,,,
31,TradingLite,,"Next-generation charting and volume analysis platform. Advanced heatmap visualization, live data, indicator scripting, support for all major crypto exchanges and more.",,,https://tradinglite.com/,,,,,,,,,,https://twitter.com/tradinglite,https://tradinglite.com/discord,,,analytics,,,
32,L2 beat,,"L2BEAT was created to provide transparent and verifiable insights into emerging layer two (L2) technologies which, in line with the rollup-centric Ethereum scaling roadmap are aimed at scaling Ethereum.",,,https://l2beat.com/?view=risk,,,,,,,,,,,,,,analytics,layer-2,,
33,Moonpay,,"MoonPay is a financial technology company that builds payments infrastructure for crypto. Their on-and-off-ramp suite of products allow for converting between fiat currencies and cryptocurrencies using all major payment methods including debit and credit card, local bank transfers, Apple Pay, Google Pay, and Samsung Pay. MoonPay is active in more than 160 countries and is trusted by 250+ leading wallets, websites, and applications to accept payments and defeat fraud.",https://pbs.twimg.com/profile_images/1331730558146240514/-RZtxIFl_400x400.jpg,,https://www.moonpay.com/,,,,,,,,,,,,,,buy-crypto,buy-crypto,,
34,Binance,binancecoin,"Binance is the world's largest centralised crypto exchange. Depending on your location they offer access to spot and futures markets, derivatives, finance and NFTs",https://cryptologos.cc/logos/binance-coin-bnb-logo.png,BNB,https://www.binance.com/en/register?ref=VNP1A8SR,,,,,,,,,,,,,,cex,buy-crypto,,
35,Coinbase,,"Coinbase is he most trusted cryptocurrency platform, and an ideal starting point if you're new to crypto. They started in 2012 with the idea that anyone, anywhere, should be able to easily and securely send and receive Bitcoin. Today, they offer a trusted and easy-to-use platform for accessing the broader cryptoeconomy.",https://assets.coinbase.com/assets/coinbase.d491999a12d7c093ec6cd83ad64a1e23.png,,https://www.coinbase.com/,,,,,,,,,,,,,,cex,buy-crypto,,
36,Gate io,,Gate.io is an unregulated altcoin exchange,https://www.gate.io/images/gateio.svg,,https://www.gate.io/signup/3303835,,,,,,,,,,,,,,cex,buy-crypto,,
37,Gemini,,"Gemini is a regulated cryptocurrency exchange, wallet, and custodian that makes it simple and secure to buy bitcoin, ether, and other cryptocurrencies. They are a licensed New York trust company that undergoes regular bank exams and is subject to the cybersecurity audits conducted by the New York Department of Financial Services",https://s2.coinmarketcap.com/static/img/coins/200x200/3306.png,,https://gemini.com/share/86yng7t9,,,,,,,,,,,,,,cex,buy-crypto,,
38,OKEx,,A centralised exchanged with an extensive crypto academy in Mandarin,https://upload.wikimedia.org/wikipedia/commons/8/89/Official_logo_of_OKEx.png,,https://www.okex.com/join/4945328,,,,,,,,,,,,,,cex,buy-crypto,,
39,OKCoin,,"Okcoin a globally licensed exchange with offices in San Francisco, Miami, Malta, Hong Kong, Singapore and Japan. They have a clean modern UI and an easy to use staking offering",https://i.pinimg.com/736x/80/9e/7d/809e7d9f8f2201646b11cc69c0c875c5.jpg,,https://www.okcoin.com/join?channelId=600054339,,,,,,,,,,,,https://t.me/okcoin_en,,cex,buy-crypto,,
40,Colony,,"The Colony Network is a suite of smart contracts, running on Ethereum. It provides a general purpose framework for the essential functions organizations require, such as ownership, structure, authority, and financial management.",,,https://colony.io/,,,,,,,,,,,,,,dao,,,
41,Daohaus,daohaus,DAOhaus is a no-code platform for launching and running DAOs. It is owned and operated by the community. All DAOs on the platform utilize the glorious open-source code of Moloch,,HAUS,https://daohaus.club/,,,,,,,,,,,,,,dao,,,
42,Fairmint,,"With Fairmint, founders can launch a continuous securities offering based on a fixed percentage of their company's equity. Such offerings enable stakeholders to buy and earn convertible securities at any single time, directly from the company's website.",,,https://fairmint.co/,,,,,,,,,,,,,,dao,,,
43,Opolis,,"Opolis is a next-generation Employment Cooperative offering high-quality, affordable employment benefits and shared services to independent contractors, freelancers, digital nomads, solopreneurs and sole-practitioners.
",,,https://opolis.co/,,,,,,,,,,,,,,dao,,,
44,Paraswap,paraswap,ParaSwap aggregates decentralized exchanges and other DeFi services in one comprehensive interface to streamline and facilitate users' interactions with Ethereum's decentralized finance.,,PSP,https://paraswap.io/,https://paraswap.io/#/?network=ethereum,,,,,,,https://github.com/paraswap,https://doc.paraswap.network/,https://twitter.com/paraswap,https://discord.com/invite/wYePFfR,https://t.me/paraswap,https://paraswap.medium.com/,yield,,,
45,Cozy,,Cozy is an open-source protocol for automated and trust-minimized Protection Markets. Protection Markets allow you to provide and receive protection against predefined conditions like a loss of funds due to a smart contract hack. Anybody can create and use Protection Markets.,,,https://www.cozy.finance/,https://www.cozy.finance/,,,,,,,,,,,,,yield,,,
46,fees.wtf,,"You've spent ü§î on gas. Right now, that's ü§î. You used ü§î gas to send ü§î transactions, with an average price of ü§î gwei. ü§î of them failed, costing you ü§î.",,,https://fees.wtf/,,,,,,,,,,,,,,defi-tool,,,
47,vfat - pool tools,,"It ain't much, but it's honest work",,,https://vfat.tools/all/,,,,,,,,,,,,,,defi-tool,,,
48,Augur,augur,"Augur is a peer-to-peer, decentralized exchange, enabling universal and transparent access to its markets. Augur is powered by Ethereum, which enables payouts to run as an automated process that no person or organisation, including Augur, can interfere with",https://raw.githubusercontent.com/trustwallet/assets/master/blockchains/ethereum/assets/0x1985365e9f78359a9B6AD760e32412f4a445E862/logo.png,REP,https://www.augur.net/,,,,,,,,,,,,,,defi-tool,,,
49,Etherscan,,"Etherscan is the leading BlockChain Explorer, Search, API and Analytics Platform for Ethereum, a decentralized smart contracts platform. Built and launched in 2015 it is one of the earliest and longest running independent project built around Ethereum and its community with the mission of providing equitable access to blockchain data.",,,https://etherscan.io/,,,,,,,,,,,,,,defi-tool,,,
50,Liquidity folio,,Like-for-like comparisons and forecasts across $15B+ of liquidity pools assets,,,https://www.liquidityfolio.com/,,,,,,,,,,,,,,defi-tool,,,
51,Stake dao,stake-dao,"Stake DAO curates the top strategies, staking protocols, and more, into one intuitive dashboard, offering users an easy way to earn more from their assets. Every strategy has a carefully weighted risk score, enabling everyone to participate on their own terms and risk appetites. From strategies based on stablecoins to Bitcoin and a comprehensive range of ERC-20 tokens, our platform has everything users need to secure higher returns on their crypto.",https://assets.coingecko.com/coins/images/13724/thumb/stakedao_logo.jpg?1611195011,SDT,https://stakedao.org/,,,,,,,,,,,,,,defi-tool,,,
52,Tokensets,,"Set Protocol is an Ethereum-native DeFi primitive that leverages existing Open Finance protocols to allow for the bundling of crypto-assets into fully collateralised baskets, which are represented as ERC20 tokens on the Ethereum blockchain. These Set tokens act as structured products that represent the manager's strategy, which others can replicate by simply holding the Set.",https://www.tokensets.com/static/media/set-and-tokensets-logo.872a2884.svg,,https://www.tokensets.com/,,,,,,,,,,,,,,defi-tool,aggregator,,
53,Zapper,,A simple dashboard for DeFi. Easily track and visualize all your DeFi assets and liabilities in one simple interface.,,,https://zapper.fi/,,,,,,,,,,,,,,defi-tool,portfolio,,
54,Zerion,,"Zerion is the ultimate DeFi investment interface, allowing you to discover every asset on the market, trade at the best rates and manage your entire DeFi portfolio from one place. Zerion tracks over 50 protocols, making it easy to find your tokens spread across multiple DeFi platforms and Ethereum addresses. ",,,https://zerion.io/,,,,,,,,,,,,,,defi-tool,portfolio,,
55,Token terminal,,Token Terminal is a platform that aggregates financial data on the leading blockchains and decentralized applications (dapps). Their aim is to provide access to standardized metrics that enable users to easily quantify and compare the performance of different blockchains and decentralized applications.,,,https://www.tokenterminal.com/,,,,,,,,,,,,,,defi-tool,metrics,,
56,Graph protocol,the-graph,"The Graph is an indexing protocol for querying networks like Ethereum and IPFS. Anyone can build and publish open APIs, called subgraphs, making data easily accessible.",https://miro.medium.com/fit/c/160/160/1*uOUrHJwAlNPBiGzl3slkWw.png,GRT,https://thegraph.com/,,,,,,,,,,,,,,developer,infrastructure,,
57,Radicle,radicle,"Radicle is a peer-to-peer stack for building software together. For unstoppable, permissionless, decentralized open-source development. Forget platforms. Easily share your code without relying on a third party. No central servers, no censorship. Built on Git, backed by public-key crypto",https://pbs.twimg.com/profile_images/1372563232850870274/aREQff_C_400x400.jpg,RAD,https://radicle.xyz/,,,,,,,,,,,,,,developer,tooling,,
58,Sourcify,,Sourcify is a decentralized automated contract verification service,,,https://sourcify.dev/,,,,,,,,https://github.com/ethereum/sourcify,,https://twitter.com/sourcifyeth,,,,developer,tooling,,
59,Tenderly,,"Comprehensive Ethereum Developer Platform for real-time monitoring, alerting, debugging, and simulating Smart Contracts",,,https://dashboard.tenderly.co/explorer,,,,,,,,,,,,,,developer,tooling,,
60,Austin Griffith's ETH repos,,"Includes scaffold-etc, a forkable Ethereum dev stack focused on fast product iterations, eth.build an educational sandbox for building on web3. Visually understand how Ethereum works by doing",,,https://github.com/austintgriffith,,,,,,,,,,,,,,developer,tooling,,
61,Solidity,,Solidity is a statically-typed curly-braces programming language designed for developing smart contracts that run on Ethereum,https://docs.soliditylang.org/en/v0.4.24/_images/logo.svg,,https://soliditylang.org/,,,,,,,,,,,,,,developer,tooling,,
62,Open zeppelin,,"OpenZeppelin provides security products to build, automate, and operate decentralized applications. We also protect leading organizations by performing security audits on their systems and products",https://openzeppelin.com/images/card.jpg,,https://openzeppelin.com/,,,,,,,,,,,,,,developer,tooling,,
63,Ethers-io,,The ethers.js library aims to be a complete and compact library for interacting with the Ethereum Blockchain and its ecosystem. It was originally designed for use with ethers.io and has since expanded into a more general-purpose library,,,https://github.com/ethers-io,,,,,,,,,,,,,,developer,tooling,,
64,Infura,,"The foundation for decentralized apps. Fast, high availability Ethereum infrastructure. Connect your app instantly, with a single line of code",https://static.blockgeeks.com/wp-content/uploads/2020/03/infura_logo_black.png,,https://infura.io/,,,,,,,,,,,,,,developer,tooling,,
65,CryptoJobs,,"CryptoJobs is the #1 website for blockchain jobs. We believe the emergence of blockchain technology and decentralized applications will change the world as we know it, and it‚Äôs already happening. We‚Äôre on a mission to connect talented individuals to the best blockchain projects, to accelerate the advent of a more decentralized world.",,,https://crypto.jobs/,,,,,,,,,,,,,,developer,jobs,,
66,ConsensSys' Ethereum Developer Tools List,,"A guide to available tools, components, patterns, and platforms for developing applications on Ethereum.",,,https://github.com/ConsenSys/ethereum-developer-tools-list,,,,,,,,,,,,,,developer,tooling,,
67,OfficerCIA's DeFi Developer Road Map,,Here we collect and discuss the best DeFi & Blockchain researches and tools - contributions are welcome (maintained by @officer_cia),,,https://github.com/OffcierCia/DeFi-Developer-Road-Map,,,,,,,,,,,,,,developer,learning,,
68,Solidity by Example,,An introduction to Solidity with simple examples.,,,https://solidity-by-example.org/,,,,,,,,,,,,,,developer,learning,,
69,Solidity docs,,"The official documentation documentation for Solidity. Solidity is an object-oriented, high-level language for implementing smart contracts. Smart contracts are programs which govern the behaviour of accounts within the Ethereum state.",,,https://solidity.readthedocs.io/,,,,,,,,,,,,,,developer,learning,,
70,OpenZeppelin Contracts,,OpenZeppelin Contracts is a library for secure smart contract development. Build on a solid foundation of community-vetted code.,,,https://github.com/OpenZeppelin/openzeppelin-contracts,,,,,,,,,,,,,,developer,tooling,,
71,Remix,,Browser-based IDE with integrated compiler and Solidity runtime environment without server-side components.,,,https://remix.ethereum.org/,,,,,,,,,,,,,,developer,tooling,,
72,CryptoZombies,,CryptoZombies is an interactive school that teaches you all things technical about blockchains. Learn to make smart contracts in Solidity or Libra by making your own crypto-collectibles game.,,,https://cryptozombies.io/,,,,,,,,,,,,,,developer,learning,,
73,Capture the Ether,,Capture the Ether is a game in which you hack Ethereum smart contracts to learn about security. It's meant to be both fun and educational.,,,https://capturetheether.com/,,,,,,,,,,,,,,developer,learning,,
74,ETH.Build,,An Educational Sandbox For Web3... And Much More. üëâDrag-and-Drop Programming üß© Open Source Building Blocks üßê Visually Understand How Ethereum Works,,,https://eth.build/,,,,,,,,,,,,,,developer,learning,,
75,Scaffold-ETH,,A forkable Ethereum dev stack focused on fast product iterations by Austin Griffith.,,,http://scaffoldeth.io/,,,,,,,,,,,,,,developer,tooling,,
76,Brownie,,Brownie is a Python-based development and testing framework for smart contracts targeting the Ethereum Virtual Machine.,,,https://eth-brownie.readthedocs.io/,,,,,,,,,,,,,,developer,tooling,,
77,Truffle,,"The Truffle Suite gets developers from idea to dapp as comfortably as possible. Truffle is a development environment, testing framework and asset pipeline for Ethereum, aiming to make life as an Ethereum developer easier. Ganache is a personal blockchain for Ethereum development you can use to deploy contracts, develop your applications, and run tests. It is available as both a desktop application as well as a command-line tool.",,,https://www.trufflesuite.com/,,,,,,,,,,,,,,developer,tooling,,
78,Hardhat,,"Hardhat is a development environment to compile, deploy, test, and debug your Ethereum software. It helps developers manage and automate the recurring tasks that are inherent to the process of building smart contracts and dApps, as well as easily introducing more functionality around this workflow. This means compiling, running and testing smart contracts at the very core.",,,https://hardhat.org/,,,,,,,,,,,,,,developer,tooling,,
79,dapptools,,"dapptools is a suite of Ethereum focused CLI tools following the Unix design philosophy, favoring composability, configurability and extensibility.",,,https://github.com/dapphub/dapptools,,,,,,,,,,,,,,developer,tooling,,
80,Bright id,,BrightID is a social identity network that allows you to prove that you‚Äôre only using one account.,https://pbs.twimg.com/profile_images/1204130517253160960/Yu5Aw2Co.jpg,,https://www.brightid.org/,,,,,,,,,,,,,,developer,identity,,
81,Matcha,,Matcha aggregates all the offers from various liquidity sources and merges them into one trade,https://dappimg.com/media/image/dapp/c1063804ac0547a698fc1aa29c01f9c0.blob,,https://matcha.xyz/,,,,,https://dune.xyz/projects/matcha,,,,,,,,,dex,amm,,
82,dydx,dydx,"Trade Perpetuals on a powerful open trading platform, backed by @a16z, @polychain, and Three Arrows Capital",,DYDX,https://dydx.exchange/,https://margin.dydx.exchange/margin/ETH-DAI,,,https://defillama.com/protocol/dydx,https://dune.xyz/projects/dydx,,https://whitepaper.dydx.exchange/,https://github.com/dydxprotocol,https://docs.dydx.exchange/#general,https://twitter.com/dydxprotocol,https://discord.com/invite/Tuze6tY,,https://medium.com/dydxderivatives,dex,amm,leverage,
83,dex tools,,"Search for new pools, add or remove liquidity in a pair, find the best gems and avoid the scams. Follow the best pairs through this tool with real-time graphics and transactions, add your pairs to favorites and much more. Follow the most relevant swaps. View and interact with multiple pairs on a single screen. Save, track and research wallets. ",,,https://www.dextools.io/app/,,,,,,,,,,,,,,defi-tool,dex,data,
84,Serto,,"Serto is decentralized identity platform aiming to make it easy for everyone to exchange data in a trusted, private and scalable way. Create decentralized identifiers (DIDs), and issue and validate verifiable credentials (VCs). Search and discover DIDs and VCs",https://uploads-ssl.webflow.com/5d8bc34a60283f28948dd30d/5fda7f13fcbea0dbff13f8a9_New%20serto%20logo%20blurple.svg,,https://www.serto.id/,,,,,,,,,,,,,,identity,,,
85,AMP,amp-token,"Amp is a decentralized collateral token, built on Ethereum, that enables instant transactions with digital assets",https://assets.coingecko.com/coins/images/12409/large/amp-200x200.png?1599625397,AMP,https://amptoken.org/,,,,,,,,,,,,,,infrastructure,,,
86,Aragon,aragon,Build your Decentralized Autonomous Organization on open-source infrastructure with governance plugins,https://s2.coinmarketcap.com/static/img/coins/200x200/1680.png,ANT,https://aragon.org/,,,,,,,,,,,,,,infrastructure,,,
87,Arbitrum,,"Next generation layer 2 for Ethereum dApps. Use your favorite tools and scale your dApp at the lowest cost. Arbitrum is a suite of Ethereum scaling solutions that enables high-throughput, low cost smart contracts while remaining trustlessly secure",https://portal.arbitrum.io/assets/arbitrum_logo.png,,https://arbitrum.io/,,,,,,,,,,,,,,infrastructure,,,
88,Chainlink,chainlink,"Chainlink decentralized oracle networks provide tamper-proof inputs, outputs, and computations to support advanced smart contracts on any blockchain",https://raw.githubusercontent.com/trustwallet/assets/master/blockchains/ethereum/assets/0x514910771AF9Ca656af840dff83E8264EcF986CA/logo.png,LINK,https://chain.link/,,,,,,,,,,,,,,infrastructure,oracle,,
89,Consensys,,Consensys develops full-stack Ethereum products to help developers build next-generation networks and enable enterprises to launch more powerful financial infrastructure,https://miro.medium.com/max/3150/1*HWsBYAT2n833Op1P3T_Osw.png,,https://consensys.net/,,,,,,,,,,,,,,infrastructure,,,
90,Bison Trails,,"Bison Trails provides a suite of easy-to-use infrastructure products and services on multiple blockchains. Run secure, fully managed node clusters; connect to blockchain data on 33 protocols to build Web3.0 applications; stake digital assets securely in 12 protocols; access structured blockchain data and transaction information",https://bisontrails.co/images/assets/brand-assets-2020/lockup/bison-trails-lockup-blue-transparent.png,,https://bisontrails.co/,,,,,,,,,,,,,,infrastructure,,,
91,Ethereum,,Ethereum is open access to digital money and data-friendly services for everyone ‚Äì no matter your background or location. It's a community-built technology behind the cryptocurrency ether (ETH) and thousands of applications you can use today,https://upload.wikimedia.org/wikipedia/commons/thumb/6/6f/Ethereum-icon-purple.svg/1200px-Ethereum-icon-purple.svg.png,,https://ethereum.org/en/,,,,https://defillama.com/chain/Ethereum,,,,,,,,,,infrastructure,,,
92,Nucypher,nucypher,Cryptographic infrastructure for privacy-preserving applications,https://assets.coingecko.com/coins/images/3318/thumb/photo1198982838879365035.jpg?1547037916,NU,https://www.nucypher.com/,,,,,,,,,,,,,,infrastructure,security,,
93,Get block,,"GetBlock is a blockchain nodes provider. Connect to Bitcoin, Ethereum, Binance Smart Chain and other nodes with JSON-RPC, REST and WebSockets APIs","https://res.cloudinary.com/practicaldev/image/fetch/s--w47F9dJZ--/c_fill,f_auto,fl_progressive,h_320,q_auto,w_320/https://dev-to-uploads.s3.amazonaws.com/uploads/user/profile_image/488641/e44bcbd3-4b23-4235-98c0-0771a1e54ecc.png",,https://getblock.io/,,,,,,,,,,,,,,infrastructure,,,
94,Loom,loom-network-new,"Loom Network is a multichain interoperability platform that's connected to other major blockchains such as Ethereum, Binance Chain, and Tron.",https://cdn-images-1.medium.com/max/1200/1*K76UVoLq-FOL7l-_Fag-Qw@2x.png,LOOM,https://loomx.io/,,,,,,,,,,,,,,infrastructure,,,
95,Ren,republic-protocol,Access tokens from any blockchain using your existing smart contracts without having to worry about wrapping or unwrapping tokens.,https://raw.githubusercontent.com/trustwallet/assets/master/blockchains/ethereum/assets/0x408e41876cCCDC0F92210600ef50372656052a38/logo.png,REN,https://renproject.io/,,,,https://defillama.com/protocol/renvm,,,,,,,,,,infrastructure,,,
96,Ramp,,Allow people to buy crypto without leaving your dApp or wallet,https://s2.coinmarketcap.com/static/img/coins/200x200/7463.png,,https://ramp.network/,,,,,,,,,,,,,,infrastructure,,,
97,Skynet,,Decentralized storage without needing to run a node or wallet. Skynet also includes SDKs for popular programming languages and APIs that integrate seamlessly with your existing apps,,,https://siasky.net/,,,,,,,,,,https://twitter.com/SkynetLabs,https://discord.com/invite/skynetlabs,,,infrastructure,,,
98,UMA,,"UMA builds open-source infrastructure for ‚Äúpriceless‚Äù financial contracts on Ethereum. Specifically, this is two things: Priceless financial contract templates used to create synthetic tokens; Decentralized Oracle Service used to manage and enforce contracts on UMA. Together, these two technologies enable the creation of fast, efficient, and secure derivatives on Ethereum.",https://raw.githubusercontent.com/trustwallet/assets/master/blockchains/ethereum/assets/0x04Fa0d235C4abf4BcF4787aF4CF447DE572eF828/logo.png,,https://umaproject.org/,,,,https://defillama.com/protocol/uma-protocol,,,,,,,,,,infrastructure,,,
99,Wallet connect,,"WalletConnect is an open source protocol for connecting decentralised applications to mobile wallets with QR code scanning or deep linking. People can interact securely with any Dapp from their mobile phone, making WalletConnect wallets a safer choice compared to desktop or browser extension wallets.",https://walletconnect.org/walletconnect-logo.svg,,https://walletconnect.org/,,,,,,,,,,,,,,infrastructure,developer,wallet,
100,Coin98,,Coin98 is a multi-chain wallet & DeFi Gateway designed to seamlessly connect users to the crypto world in a safe and secure manner.,,,https://twitter.com/Coin98Analytics,,,,,,,,,,,,,,insight,,,
101,Crypto art data,,"Crypto Art Data is a platform that aggregates multiple datasets and creates indicators about the NFT space. As well as this, it also showcases some of the most expensive NFTs across multiple platforms",,,https://cryptoart.io/data,,,,,,,,,,,,,,insight,,,
102,Decrypt,,Decrypt is a journalistic platform that keeps its audience up to date with the lastest events happening in the cryptocurrency space.,,,https://decrypt.co,,,,,,,,,,,,,,insight,news,,
103,Defiant,,Defiant is a journalistic platform that keeps its audience up to date with the lastest events happening in the cryptocurrency space.,,,https://thedefiant.io/,,,,,,,,,,,,,,insight,news,,
104,Deribit insights,,Deribit Insights (subsidiary of Deribit Exchange) is a journalistic platform that keeps its audience up to date with the lastest events happening in the cryptocurrency space.,,,https://insights.deribit.com/,,,,,,,,,,,,,,insight,metrics,,
105,Dune analytics,,Dune Analytics is a platform that aggredates multiple datasets and creates indicators about protocols in the DeFi space.,,,https://duneanalytics.com/,,,,,,,,,,,,,,insight,metrics,analytics,
106,Gabriel Haines,,Gabriel Haines is a public figure who creates both short and long form content to educate people about the cryptocurrency space ,,,http://YouTube.com/gabrielhaines,,,,,,,,,,https://twitter.com/gabrielhaines,,,,insight,news,,
107,Messari,,"Messari is a platform that aggredates multiple datasets and creates dashboards for users to explore information about asset prices, DeFi statistics, research papers and more.",https://pbs.twimg.com/profile_images/1085325338685640704/TNls9ggU_400x400.jpg,,https://messari.io/,,,,,,,,,,,,,,insight,metrics,analytics,
108,Nansen,,,,,https://www.nansen.ai/,,,,,,,,,,,,,,insight,metrics,analytics,
109,Rekt,,Rekt is an exploit tracker on the Ethereum network - it tracks how much money was lost in the exploit and as well who audited the protocol (if any),,,https://rekt.eth.link/,,,,,,,,,,,,,,insight,news,,
110,Santiment,,Santiment is a platform that aggredates multiple datasets and creates dashboards for users to explore information about the cryptocurrency space.,,,https://app.santiment.net/,,,,,,,,,,,,,,insight,,,
111,The daily gwei,,The Daily Gwei is a daily newsletter created by influencer Anthony Sassano about the Ethereum ecosystem.,,,https://thedailygwei.substack.com/,,,,,,,,,,,,,,insight,news,,
112,Token daily,,Token daily is a journalistic platform that keeps its audience up to date with the lastest events happening in the cryptocurrency space.,,,https://www.tokendaily.co/,,,,,,,,,,,,,,insight,news,,
113,Crypto fees,,Crypto Fees aggregates the generated fees of multiple crypto platforms (Layer 1's and Layer 2's) and displays them in a ranked order from highest generated fees to lowest.,,,https://cryptofees.info/,,,,,,,,,,,,,,insight,metrics,,
114,Rekt Feed,,Crypto trends in real time,,,https://feed.rekt.news/,,,,,,,,,,,,,,insight,,,
115,Rekt Leaderboard,,A catalogue of crypto exploits and hacks,,,https://www.rekt.news/leaderboard/,,,,,,,,,,,,,,insight,,,
116,Crypto fees,,"CryptoFees.info is a website displaying fee data for blockchains and blockchain applications, like decentralized exchanges, lending protocols, etc.",,,https://cryptofees.info/,,,,,,,,,,,,,,insight,metrics,,
117,Eth burned,,The more Ethereum is used... the more ETH is burned,,,https://ethburned.info/,,,,,,,,,,,,,,insight,metrics,,
118,Money movers,,Which blockchain is settling more value?,,,https://money-movers.info/,,,,,,,,,,,,,,insight,metrics,,
119,Open orgs,,DAOs are the new companies. What's on their balance sheets?,,,https://open-orgs.info/,,,,,,,,,,,,,,insight,metrics,analytics,
120,Ethereum nodes,,Dashboard of all Ethereum nodes and their current status,,,https://ethereumnodes.com/,,,,,,,,,,,,,,insight,metrics,,
121,Coin particle,,Cryptocurrency price visualisations,,,https://www.coinparticle.com/price/changes/24hour,,,,,,,,,,,,,,insight,metrics,,
122,Nexus mutual,,"People can join the mutual and become members. Members can buy cover to protect against material losses when transferring funds into a protocol‚Äôs smart contracts or keeping funds with a custodian. Nexus Mutual is a discretionary mutual. Each member can hold NXM tokens, which represent proportional ownership of the mutual. The mutual runs on the Ethereum blockchain.",https://assets.coingecko.com/coins/images/11890/thumb/wrapped-nexus-mutual.jpg?1595811559,,https://nexusmutual.io/,,,,,,,,,,,,,,insurance,,,
123,CryptoJobsList,,Discover over 2148+ open Cryptocurrency Jobs and Blockchain Jobs on Crypto Jobs List ‚Äî the #1 site to find and post jobs. Connect with companies hiring in a few clicks and begin your next experience in the industry.,,,https://cryptojobslist.com/,,,,,,,,,,,,,,jobs,developer,,
124,Cryptocurrency Jobs,,The leading job board for blockchain jobs and cryptocurrency jobs. Cryptocurrency Jobs curates the best new blockchain jobs at leading companies and startups that use blockchain technology.,,,https://cryptocurrencyjobs.co/,,,,,,,,,,,,,,jobs,developer,,
125,Proof of Talent,,"Proof of Talent is a contingency based recruiting firm that works exclusively with companies in the blockchain and cryptocurrency industry. We specialize in working with talent that is most important to growth in blockchain. Full stack engineers, protocol developers, product managers, marketing and growth experts, sales & business development, designers, and more.",,,https://proofoftalent.co/,,,,,,,,,,,,,,jobs,developer,,
126,Gitcoin Earn,,"Millions of dollars flow into projects on Gitcoin. Earn by participating in sponsored hackathons, bounties, and funded community grants.",,,https://gitcoin.co/earn,,,,,,,,,,,,,,jobs,developer,,
127,Staking rewards,,Staking Rewards is the leading data provider for staking and crypto-growth tools. They are currently tracking 230 yield-bearing assets with an average reward rate of 14.95% and 24783 qualified providers.,https://www.stakingrewards.com/static/images/icon.svg,,https://www.stakingrewards.com/,,,,,,,,,,,,,,learning,,,
128,Crypto Testers,,"Cryptotesters is your go-to resource to navigate the crypto universe. We help you find the best cryptocurrency exchanges, wallets and much more.",,,https://cryptotesters.com/,,,,,,,,,,https://twitter.com/cryptotesters,,,,learning,,,
129,Tx Street,,TxStreet is a live blockchain transaction and mempool visualizer. Each person represents a single transaction happening in real time. Each house represents a type of transaction. Each bus represents a future block.,,,https://txstreet.com/,,,,,,,,,,https://twitter.com/txstreetCom,,,,learning,,,
130,Gitcoin quests,,"Gitcoin Quests is a fun, gamified way to learn about the web3 ecosystem, compete with your friends, earn rewards, and level up your decentralization-fu! Explore. Learn. Battle Baddies. Win Rewards.",,,https://gitcoin.co/quests,,,,,,,,,,,,,,learning,developer,,
131,Rabbithole,,"Earn crypto by using the latest decentralized apps. Become an early adopter of new projects, and earn crypto as a reward.",,,https://rabbithole.gg/,https://rabbithole.gg/,,,,,,,,,,,,,learning,,,
132,Unmask crypto,,Unmask Crypto is a platform that educates you on the many benefits and risks involved in owning and trading cryptocurrency.,,,https://unmaskcrypto.com/,,,,,,,,,,,,,,learning,,,
133,Binance academy,,"Welcome to Binance Academy! We're on a mission to educate the masses on the transformative potential of cryptocurrency and blockchain technology. On this website, you'll find over 280 articles covering everything from computer security to economics. Oh, and they're in 21 different languages.",,,https://academy.binance.com/en,,,,,,,,,,,,,,learning,,,
134,Gemini cryptopedia,,"Cryptopedia is a platform where experts can deliver a deeper level of knowledge about their crypto projects. Learn about some of the most prominent, promising, and innovative crypto protocols in the world directly from the people that created them. ",,,https://www.gemini.com/cryptopedia,,,,,,,,,,,,,,learning,,,
135,The daily ape,,"The Daily Ape is your resource for all things degen. This free, resource-driven Telegram group aggregates the top tweets, stories and developments from established and rising projects and shares them in a daily update to stay informed on the latest progressions in DeFi and beyond.",,,https://thedailyape.notion.site/thedailyape/Directory-c96c0b6727c0433a962e897ef43efb7e,,,,,,,,,,,,,,learning,,,
136,Blockchain glossary by Bison Trails,,This living document by Bison Trails is a non-exhaustive list of key blockchain terms. Click through on each term for a longer explanation.,,,https://bisontrails.co/terminology/,,,,,,,,,,,,,,learning,,,
137,StakeDAO,,Your end-to-end learning hub for all things Crypto and DeFi,,,https://academy.stakedao.org/,,,,,,,,,,,,,,learning,,,
138,APE SZN,,APE SZN is a cryptocurrency related merchandise store created by Alex Wice,,,https://apeszn.com/,,,,,,,,,,,,,,merch,,,
139,Cryptolife,,"CryptoLife offers a comprehensive portfolio of textiles, textile finishing and merchandise related to cryptocurrencies.",,,https://cryptolife.shop/,,,,,,,,,,,,,,merch,,,
140,loldefi,,loldefi is a crypto and defi inspired lifestyle brand that works closely with defi protocals to create cryptocurrency related merchandise ,,,https://loldefi.com/,,,,,,,,,,,,,,merch,,,
141,Metafactory,,"Metafactory offers a comprehensive portfolio of textiles, textile finishing and merchandise related to cryptocurrencies.",,,https://metafactory.ai/,,,,,,,,,,,,,,merch,,,
142,Sushiswag,,SushiSwag is a community-driven merchandise program for the DeFi platform sushi.com,,,https://sushiswag.com/,,,,,,,,,,,,,,merch,,,
143,Coingecko,,"CoinGecko provides a fundamental analysis of the crypto market. In addition to tracking price, volume and market capitalization, CoinGecko tracks community growth, open-source code development, major events and on-chain metrics.",,,https://www.coingecko.com/,,,,,,,,,,,,,,metrics,portfolio,,
144,Alchemy DAO,,"Turn your NFTs into liquid, community controlled assets that can be traded, vote and control all your NFTs.Create funds, communities, split collections between friends and all with no coding or technical experience.",,,https://alchemydao.com/,,https://etherscan.io/address/0xdc2778E19C7F32D2Cf0c4c90B705Fb702Aa94150#code,https://www.coingecko.com/en/coins/alchemy-dao,,,,,https://github.com/AlchemyDAO,https://docs.alchemydao.com,https://twitter.com/alchemydao,https://discord.gg/mMMGBrbqHG,,,nft,,,
145,Cryptovoxels,,"Cryptovoxels is a virtual world and metaverse, powered by the Ethereum blockchain. Players can buy land and build stores and art galleries. Editing tools, avatars and text chat are built in.",,,https://www.cryptovoxels.com/,,,,,,,,,,,,https://t.me/AlchemyOfficial,,nft,metaverse,,
146,Ethereum Name Service,,"Decentralised naming for wallets, websites, and more",,,https://ens.domains/,,,,,,,,,,,,,,nft,,,
147,Nifty ink,,"Nifty Ink is a platform that combines a lot of meta transactions, burner wallets, side chains, and bridges to create a Web2 like experience that ‚Äúupgrades‚Äù to the Ethereum mainnet. This enables NFTs to be uploaded onto the Ethereum mainnet with little expense ",,,https://nifty.ink/,,,,,,,,,,,,,,nft,marketplace,,
148,Opensea,,Opensea is a NFT exchange platform that allows users to buy and sell NFTs on the ethereum network.,,,https://opensea.io/,,,,,,,,,,,,,,nft,marketplace,,
149,Decentraland,,"Decentraland is a decentralized virtual reality platform powered by the Ethereum blockchain. Within the Decentraland platform, users can create, experience, and monetize their content and applications.",https://assets.coingecko.com/coins/images/878/thumb/decentraland-mana.png?1550108745,,https://decentraland.org/,,,,,,,,,,,,,,nft,,,
150,Seascape,,"Seascape Network aims to create an environment that will allow users, developers and stakeholders to play, earn and share experiences in an incentivized way. The network is set to provide a method for self-education on blockchain and related finance in a fun and engaging way.",,,https://app.seascape.network/,,,,,,,,,,,,,,nft,marketplace,,
151,Superrare,,Superrare is a NFT exchange platform that allows users to buy and sell NFTs on the ethereum network.,,,https://www.superrare.co/,,,,,,,,,,,,,,nft,marketplace,,
152,Foundation,,Foundation is a NFT exchange platform that allows users to buy and sell NFTs on the ethereum network.,,,https://foundation.app,,,,,,,,,,,,,,nft,marketplace,,
153,Masterpiece,,NFT aggregator ‚Äì¬†view collections across platforms,,,https://masterpiece.so/,,,,,,,,,,,,,,nft,marketplace,,
154,Aavegotchi,,Aavegotchi is a DeFi-enabled crypto collectibles game developed by Singapore-based Pixelcraft Studios that allows players to stake Non-fungible tokens (NFTs) avatars with interest-generating tokens and interact with the Aavegotchi metaverse. It is a unique combination of Decentralized Finance (DeFi) and NFTs.,https://assets.coingecko.com/coins/images/12467/thumb/ghst_200.png?1600750321,,https://aavegotchi.com/,,,,,,,,,,,,,,nft,,,
155,Axie infinity,,"Axie Infinity is a Pok√©mon-inspired universe NFT project where anyone can earn tokens through skilled gameplay and contributions to the ecosystem. Players can battle, collect, raise, and build a land-based kingdom for their pets.
",https://assets.coingecko.com/coins/images/13029/thumb/axie_infinity_logo.png?1604471082,,https://axieinfinity.com/,,,,,,,,,,,,,,nft,,,
156,Blackpool,,"BlackPool is the first decentralised autonomous organisation (DAO) built solely for NFT gaming and trading. Their strategies will be based on their long-term passion for gaming and art, as they combine professional data analytics and machine learning to provide the best returns for their users.",,,https://www.blackpool.finance/,,,,,,,,,,,,,,nft,,,
157,Cometh,,"Cometh is a defi powered game with yield generating NFT. Get a spaceship, explore the galaxy and earn tokens.",,,https://www.cometh.io/,,,,,,,,,,,,,,nft,,,
158,Degendata,,Degendata is a platform that aggredates NFT projects and showcases them for users to gain easy access.,,,https://degendata.io/,,,,,,,,,,,,,,nft,,,
159,Doki doki,,Doki doki is a decentralized #NFT Vending Machine | Make collecting fun & inspire digital creations,https://assets.coingecko.com/coins/images/12759/thumb/doki_logo.png?1602338064,,https://dokidoki.finance/,,,,,,,,,,,,,,nft,marketplace,,
160,Neon district,,Neon District is a cyberpunk role-playing adventure by blockade games. Strategize and fight to progress through a sci-fi dystopia while collecting characters and gear backed with blockchain technology.,,,https://neondistrict.io/,,,,,,,,,,,,,,nft,,,
161,Palm,,"Palm is a new NFT ecosystem for culture and creativity, built efficiently with Ethereum. The Palm ecosystem features low gas costs, fast transaction finality, and is over 99.9% more energy efficient than Proof of Work systems.",,,https://palm.io/,,,,,,,,,,,,,,nft,,,
162,Mandalas,,"Mandalas are procedurelly generated bitmaps recorded as NFT on ethereum. There are millions of millions of them, (2^160)-1 to be exact.",,,https://mandalas.eth.link/,,,,,,,,,,,,,,nft,,,
163,Rarible,,Rarible is a NFT exchange platform that allows users to buy and sell NFTs on the ethereum network.,https://assets.coingecko.com/coins/images/11845/thumb/Rari.png?1594946953,,https://rarible.com,,,,,,,,,,,,,,nft,marketplace,,
164,Mooncats,,"Mooncats is an early ethereum NFT project that has 25,600 NFTs minted.",,,https://mooncatrescue.com/,,,,,,,,,,,,,,nft,,,
165,SAK3,,Sak3 is a limited edition (200 Pieces) Sake that is tradeable on sushi.com,,,https://sake.sushi.com/,,,,,,,,,,,,,,nft,,,
166,Etherphrocks,,Ether Phrocks - right facing rocks on the blockchain,,,https://etherphrock.com,,,,,,,,,,,,,,nft,,,
167,Ratwell,,,,,https://zora.co/ratwell,,,,,,,,,,,,,,nft,,,
168,Meebits,,"The Meebits are 20,000 unique 3D voxel characters, created by a custom generative algorithm, then registered on the Ethereum blockchain.",,,https://opensea.io/collection/meebits,,,,,,,,,,,,,,nft,,,
169,Loot,,"Loot is randomized adventurer gear generated and stored on chain. Stats, images, and other functionality are intentionally omitted for others to interpret. Feel free to use Loot in any way you want.",,,https://opensea.io/collection/lootproject,,,,,,,,,,,,,,nft,,,
170,Bored Ape Yacht Club,,"The Bored Ape Yacht Club is a collection of 10,000 unique Bored Ape NFTs‚Äî unique digital collectibles living on the Ethereum blockchain.",,,https://opensea.io/collection/boredapeyachtclub,,,,,,,,,,,,,,nft,,,
171,Cool cats,,"Cool Cats is a collection of 9,999 randomly generated and stylistically curated NFTs",,,https://opensea.io/collection/cool-cats-nft,,,,,,,,,,,,,,nft,,,
172,Punks,,"CryptoPunks launched as a fixed set of 10,000 items in mid-2017 and became one of the inspirations for the ERC-721 standard",,,https://opensea.io/collection/cryptopunks,,,,,,,,,,,,,,nft,,,
173,Mutant Ape Yacht Club,,"The MUTANT APE YACHT CLUB is a collection of up to 20,000 Mutant Apes that can only be created by exposing an existing Bored Ape to a vial of MUTANT SERUM",,,https://opensea.io/collection/mutant-ape-yacht-club,,,,,,,,,,,,,,nft,,,
174,Art blocks curated,,,,,https://opensea.io/collection/art-blocks,,,,,,,,,,,,,,nft,,,
175,ASCII Punks,,ASCII Punks is a NFT project that has created NFT avatars made of 12x12 lines of ASCII text and is generated entirely on-chain,,,https://asciipunks.com/,,,,,,,,,,,,,,nft,,,
176,DeFi Llama jpegged,,,,,https://defillama.com/jpegged/,,,,,,,,,,,,,,nft,metrics,,
177,Rotki,,"A portfolio tracking, analytics, accounting and tax reporting application that protects your privacy.",,,https://rotki.com/,,,,,,,,,,,,,,portfolio,app,,
178,Crypto security 101,,A medium article for newcomers entering the space to gain some best-practices for crypto security.,,,https://medium.com/mycrypto/the-10-best-things-you-can-do-to-not-lose-your-crypto-dba4f5c05c7,,,,,,,,,,,,,,security,learning,,
179,Crypto scam db,,"CryptoScamDB is dedicated to creating a safer cryptospace by educating the public on best security practices, uncovering malicious actors, and exposing scams, as well as providing scam detection services that can be integrated into existing products.",,,https://www.cryptoscamdb.org/scams,,,,,,,,,,,,,,security,developer,,
180,DNS checker,,Check DNS Propagation worldwide. DNS Checker provides name server propagation check instantly. Changed nameservers so do a DNS lookup and check if DNS and nameservers have propagated.,,,https://dnschecker.org/,,,,,,,,,,,,,,security,,,
181,UrlScan,,urlscan.io - Website scanner for suspicious and malicious URLs,,,https://urlscan.io/,,,,,,,,,,,,,,security,,,
182,Ledger,,"Buy, exchange and grow your crypto securely with a Ledger hardware wallet, combined with the Ledger Live app. It‚Äôs never been easier to keep your crypto safe and accessible.",,,https://www.ledger.com/,,,,,,,,,,,,,,wallet,hardware,,
183,Trezor,,Hardware wallet is a special type of security device allowing users to store their cryptocurrency holdings. Trezor is the world‚Äôs first and most secure cryptocurrency hardware wallet. It enables you to make secure payments and manage cryptocurrencies without exposing any sensitive information to a potentially compromised computer.,,,https://trezor.io/,,,,,,,,,,,,,,wallet,hardware,,
184,Onto,,"ONTO is the first truly decentralized cross-chain wallet that allows users to manage their digital identities, data, and digital assets. It integrates various functions such as identity and credit, digital assets and NFTs, financial lending, cross-chain swap, news push, and various practical dApps, as well as supporting multiple mainstream public chains and their diversified digital assets.",,,https://www.onto.app/,,,,,,,,,,,,,,wallet,,,
185,MyCrypto,,MyCrypto is a Ethereum based wallet that enables users to unify all their Ethereum accounts without giving up privary or security,,,https://mycrypto.com/,,,,,,,,,,,,,,wallet,portfolio,app,
186,Edge,,Edge is a multi-asset supported cryptocurrency wallet that enables users to safely store their assets on a single platform. Edge also offers the ability for users to swap assets between eachother as well as onboard fiat into the cryptocurrency ecosystem.,,,https://edge.app/,,,,,,,,,,,,,,wallet,,,
187,Math wallet,,"Math Wallet is a multi-asset wallet that enables users to store and trade cryptocurrencies on multiple platforms. Currently, mobile, browser extension, web wallet and hardware wallet is supported. Math Wallet also supports built in staking & swapping.",https://assets.coingecko.com/coins/images/11335/small/2020-05-19-token-200.png?1589940590,,https://mathwallet.org/,,,,,,,,,,,,,,wallet,,,
188,MEW,,"MEW (MyEtherWallet) is a free, client-side interface helping you interact with the Ethereum blockchain. The easy-to-use, open-source platform allows you to generate wallets, interact with smart contracts, and so much more.",,,https://www.myetherwallet.com/,,,,,,,,,,,,,,wallet,,,
189,Metamask,,"MetaMask is a software cryptocurrency wallet used to interact with the Ethereum blockchain. It allows users to access their Ethereum wallet through a browser extension or mobile app, which can then be used to interact with decentralized applications.",,,https://metamask.io/,,,,,,,,,,https://twitter.com/MetaMask,,,,wallet,,,
190,Trust wallet,,"Trust Wallet is a multi-functional wallet platform that lets users buy, store, collect NFTs as well as exchange assets between eachother. Over 160k supported coins.",https://assets.coingecko.com/coins/images/11085/small/Trust.png?1588062702,,https://trustwallet.com/,,,,,,,,,,,,,,wallet,,,
191,Rainbow,,"If you haven‚Äôt gotten started with crypto or Ethereum yet, download Rainbow today and start exploring!",https://rainbow.me/resources/css/images/rainbow-logo.png,,https://rainbow.me/,,,,,,,,,,,,,,wallet,app,learning,
192,Loopring,,"Loopring is a Ethereum based wallet that has zkRollup-based Trading, Transfers & AMMs implemented",https://assets.coingecko.com/coins/images/913/thumb/LRC.png?1572852344,,https://loopring.io/#/,https://exchange.loopring.io/swap,https://loopring.readthedocs.io/en/latest/English/token/,https://www.coingecko.com/en/coins/loopring,,,,https://loopring.org/resources/en_whitepaper.pdf,https://github.com/Loopring,https://docs3.loopring.io/en/,https://twitter.com/loopringorg,https://discord.com/invite/KkYccYp,https://t.me/loopring_en,https://medium.com/loopring-protocol,wallet,,,
193,Enzyme,,"Enzyme is a decentralised asset management infrastructure built on Ethereum. Using Enzyme Smart Vaults, individuals and communities can build, scale and monetise investment (or execution) strategies that employ the newest innovations in decentralised finance. Enzyme allows anyone to build, scale and monetise non-custodial Smart Vaults which can be used for creating interesting investment strategies - from discretionary and robo to ETF‚Äôs, market making, lending, yield farming and more.",,,https://enzyme.finance/,,,,,,,,,,,,,,yield,,,
194,DeFiSafety,,DeFi Safety is an independent ratings organization that evaluates Decentralized Finance products to produce an overarching security score based on transparency and adherence to best practices.,,,https://www.defisafety.com/,,,,,,,,,,ttps://twitter.com/DefiSafety,ttps://discord.com/invite/pzUw5V2E65,https://t.me/joinchat/qU8a07WUG1Q3YTBh,https://medium.com/defi-safety,security,developer,,