Project Name,Category,Description,Website,webapp,whitepaper,Github,docs,Twitter,Discord,Telegram,Facebook,Instagram,Reddit,Substack,Medium,Other 1 Name,Project Presentation,Other 2 Name,Other 2 Website,Other 3 Name,Other 3 Website,Other 4 Name,Other 4 Website,Other 5 Name,Other 5 Website,Team Member #1,Team Member #1 Twitter,Team Member #2,Team Member #2 Twitter,Team Member #3,Team Member #3 Twitter,Team Member #4,Team Member #4 Twitter,Team Member #5 Twitter,Team Member #5
21Dao,Infrastructure and Tools,"21dao is a non profit organization supporting artists on Solana and 21dao.xyz is our first community driven project. 21dao aggregates live auction and secondary data from the top 1/1 marketplaces on Solana (Exchange, Holaplex, and Formfunction).",https://21dao.xyz/,,,https://github.com/21dao,,https://twitter.com/21dao_,discord.gg/dhgnKnDTXY,,,,,,,Project Presentation,https://drive.google.com/drive/folders/1sYFIpPnjGj1aG0QqVASN44UtjbptKuc9,Pitch Deck,,,,,,,,,,,,,,,,,
3Moji,NFT and Games,"With 3moji, users can finally have control over how their NFT looks. Users start by minting a ""base layer"" and an accessory in order to combine them together to generate a “Meta NFT”. If you want to upgrade your avatar and change your look, you can simply sell the old accessory on the secondary market and that would reflect on your Meta NFT.",https://3moji.app/,,,https://github.com/metablockshq/tara.metablocks.world,,https://twitter.com/3mojiHQ,,,,,,,,Project Presentation,https://drive.google.com/drive/folders/1Z3xM4Pth2Mwazs0gi-RmeKeSS4InSnL2,Pitch Deck,,,,,,,,,,,,,,,,,
4Site,NFT and Games,"4Site is a decentralised social media platform based on the solana network. Using blockchain technology, users create accounts that are minted as NFTs.",https://site-67707.web.app/,,,https://github.com/4-site/,,,,,,,,,,Project Presentation,https://drive.google.com/file/d/19vPIBtF7oDezRZITcSTyhqn7jUhCpgxo/view,Pitch Deck,,,,,,,,,,,,,,,,,
Abas,DeFi,Abas makes it easy for anyone to execute complex market-neutral trading strategies across Solana decentralized exchanges,https://abas.finance,https://www.abas.finance/app/,,https://github.com/chenwainuo/butler_audit,,https://twitter.com/abas_finance,https://discord.com/invite/4rNmEWNZU5,,,,,,,Project Presentation,,Pitch Deck,,,,,,,,,,,,,,,,,
Accrue Finance,DeFi,"There are massive arbitrage opportunities across lending protocols. We saw that hundreds of millions of dollars are earning sub-optimal rates, and the user experience is complicated. We built a flexible smart contract that aggregates these opportunities. It can allocate funds to multiple protocols at once and theoretically integrate with dozens of protocols, circumventing Solana's transaction limits while being decentralized.",https://accrue.finance/,,,https://github.com/stealth-projects/accrue,,https://twitter.com/accrue_finance,discord.gg/jbcY5rbr3E,,,,,,https://medium.com/accrue-finance,Project Presentation,https://drive.google.com/drive/u/0/folders/1VqHiu2RFUVDszv0AKqfwDg7Yh23GxclE,Pitch Deck,,,,,,,,,,,,,,,,,
Acumen Stable Dapp,DeFi,"Acumen’s Vision is to enable fair access to capital for small and medium-sized businesses and entrepreneurs in developing nations (microfinance) by bridging crypto and traditional assets.The Acumen StableDapp will use stablecoin deposits in crypto to give out microfinance credits to such business, while enabling the users to generate a stable uncorrelated yield.",https://acumen.network,,,https://github.com/AcumenProtocol/StableDapp/,https://docs.acumen.network/,https://twitter.com/Acumenofficial,https://discord.gg/UXDnngxRmn,http://t.me/AcumenOfficial,,,,,https://acumenofficial.medium.com,Project Presentation,,Pitch Deck,,,,,,,,,,,,,,,,,
Advent,DeFi,"Advent is the first fixed-rate borrow/lend protocol with concentrated liquidity. It allows for creating fixed-rate deposits or loans with any maturity, drawing from a single, central pool of capital.",,,https://docs.google.com/document/d/10rF579s0ongp2nmMNVmn2yfJonUGjJ7_6HknBwfDoV0,https://github.com/advent-labs/advent,,,,,,,,,,Project Presentation,https://drive.google.com/file/d/15-_xyZo9x1mkJ364sKxKAqvRvm7wPYgF/view?usp=sharing,Pitch Deck,,,,,,,,,,,,,,,,,
Akura,DeFi,"Akura brings permissionless, tokenized index funds & ETFs to Solana.",,,,https://github.com/udbhav1/akura,,,,,,,,,,Project Presentation,https://youtu.be/Qekq0FKEzBM,Pitch Deck,https://udbhavm.me/akura.pdf,,,,,,,,,,,,,,,,
Allwin,DeFi,Allwin is a decentralized savings protocol on Solana. Allwin contains two parts: no-loss lottery & no-loss prediction market. ,,,,https://github.com/allwinlab/allwinprotocol,,https://twitter.com/Allwin_Defi,discord.gg/FVksY6BMyJ,,,,,,,Project Presentation,https://docs.google.com/presentation/d/1Ip9_l0t0Lp9G6HPP19-MBkKhL3KLN79XbXjziZe34iM/,Pitch Deck,,,,,,,,,,,,,,,,,
Amulet Protocol,DeFi,"Amulet Protocol is a decentralized insurance protocol built for the Rust-based ecosystem, starting with the Solana blockchain. Amulet has designed an innovative and open insurance model, which not only effectively addresses the common challenges of existing decentralized insurance protocols, but also creates a new paradigm shift for the whole insurance sector. Amulet is creating the industry’s first Protocol-Controlled Underwriting (PCU) approach, in which Amulet will build up its own underwriting capabilities and introduce a claim structure involving a unique Yield Backed Claim (YBC) method.",,,"https://files.amulet.org/public/AmuletLitepaper.pdf

",https://github.com/Amulet-Protocol,,,,,,,,,,Project Presentation,https://mtrlabs-my.sharepoint.com/:p:/p/it_admin/EaqDOCnuyvRHtLDT5Newz7IB6OjZ4Wgcl54Zz0D0Tu2yJg?rtime=B67dxisT2kg,Pitch Deck,,,,,,,,,,,,,,,,,
Anatoly The Cat,NFT and Games,Anatoly The Cat is an NFT top trumps game.,https://anatolythecat.com/,https://anatolythecat.com/game/init,,https://github.com/anatolythecat/react-anatoly-the-cat,,https://twitter.com/anatoly_the_cat,https://discord.gg/58HVXZRPBt,,,,,,,Project Presentation,,Pitch Deck,,,,,,,,,,,,,,,,,
Apostro,Infrastructure and Tools,Apostro is a risk management platform that prevents economical smart contract exploits by enforcing safe economical restrictions,https://apostro.xyz,,,https://github.com/apostroxyz/solana-riptide,,https://twitter.com/apostroxyz,,,,,,https://apostro.substack.com/,,Project Presentation,https://drive.google.com/file/d/1gSG8J_-k1HtwU0wAgi2jzQMamZv2Ol6B,Pitch Deck,,,,,,,,,,,,,,,,,
Arena,NFT and Games,Arena is an onchain gaming platform.,https://arena.bond/,,,https://github.com/ronanyeah/arena,,https://twitter.com/arena_onchain,discord.gg/sPhmQUS6PX,,,,,,,Project Presentation,https://www.youtube.com/watch?v=B9_OQVGuyng,Pitch Deck,,,,,,,,Ronan McCabe,twitter.com/ronanyeah,,,,,,,,
ArtyFracts,NFT and Games,ArtyFracts aims to crowd-fund a real world art masterpiece purchase and decentralise the ownership via NFTs.,,,,https://github.com/edmundjeevan/ArtyFracts,,,,,,,,,,Project Presentation,https://www.loom.com/share/cfd7ad8812ef47bd800d0617dbecb8c6,Pitch Deck,,,,,,,,,,,,,,,,,
Aten,Infrastructure and Tools,Aten is a marketplace that enables merchants and NFT projects to utilize Solana Pay as a form of payment.,https://aten.app/,,,https://github.com/EverydayLydian/Marketplace,,https://twitter.com/AtenSolana,,,,,,,,Project Presentation,https://youtu.be/ttSQfP4_Be0,Pitch Deck,,,,,,,,,,,,,,,,,
ATIV,NFT and Games,"ATIV activates music copyright in the form of NFTs. Music becomes more valuable through decentralized/distributed ownership.
 ",https://ativ.studio,,https://ativ.studio/ATIV%20WhitePaper_ver1.4(EN).pdf,https://github.com/AtivSolana/ativ-dapp,,https://twitter.com/ativsolana,https://discord.com/invite/ptdSK4qNuH,,,,,,,Project Presentation,https://youtu.be/04hdmOO1ZEQ,Pitch Deck,,,,,,,,,,,,,,,,,
Audience Labs,Infrastructure and Tools,"Audience Protocol's vision is to define a simple, decentralized model of the Creator / Audience relationship that is provably tamper proof, and then rebuild the entire online content industry on top of it. We're starting with a simple Patronage business model built on top of the protocol but are driving towards a world where millions of teams and people are building new, innovative services and business models on top of the protocol that empower and protect creators to freely express themselves.",https://tryaudience.app,,,https://github.com/audience-labs,,,https://discord.gg/A3z3GmVB,,,,,,,Project Presentation,https://drive.google.com/file/d/1zxue5UOKt8rkCb2BCguGeo-a586bjqmv,Pitch Deck,,,,,,,,,,,,,,,,,
Auzimons,NFT and Games,Auzimons is a 100% on-chain NFT card game.,https://auzimon-landing-riptide.vercel.app,,,https://github.com/Muffin-Man2/auzimon-battle,,,https://discord.gg/TJTWrGdZj3,,,,,,,Project Presentation,https://youtu.be/TH4sI-04mWQ,Pitch Deck,,,,,,,,,,,,,,,,,
Awaken,DeFi,"Awaken is a trustless automation protocol, we built that because current transactions on blockchain are settled instantaneous but most real-world transactions occur after conditions are met.",https://awaken.so,,,https://github.com/awaken-labs,,https://twitter.com/awaken_so,https://discord.gg/2MEruxWqe8,,,,,,,Project Presentation,https://pitchdeck.figmatic.com/slides/l0vz8s6c78802?token=KyMmfi1bJDRqXVN2dzc=,Pitch Deck,,,,,,,,,,,,,,,,,
Badbeat Poker,NFT and Games,"Badbeat poker club is a decentralised, NFT fuelled, open source, poker community where the value is grown and retained by the community itself. Allowing its members to play and earn in a fun and safe environment. Whilst being rewarded with our native FIRE utility token, governance token, NFT’s and much more.",http://www.badbeat.com,,,https://github.com/bigpicturesoft/badbeat-poker,https://pokerdocs.badbeat.com,https://twitter.com/BB_PokerClub,https://discord.gg/yn4qBhvyB9,,,,,,,Project Presentation,https://youtu.be/6NEunbazmow,Pitch Deck,,,,,,,,,,,,,,,,,
Banana Wallet,Wallets,Banana Wallet is a Solana wallet for easy micropayments.,https://bananawallet.io,,,https://github.com/banana-wallet/banana-wallet-browser-extension,,https://twitter.com/banana_wallet,https://discord.gg/DDzdskYgHP,https://t.me/banana_wallet,,,,,,Project Presentation,,Pitch Deck,,,,,,,,,,,,,,,,,
Bidali,Infrastructure and Tools,Bidali enables people to buy gift cards and mobile airtime we're able to quickly and easily enable people to convert the value locked in stablecoins into tangible things at thousands of brands worldwide without extra costs.,https://www.bidali.com,,,https://github.com/bidalihq/commerce-web,,https://twitter.com/bidalihq,,,https://www.facebook.com/bidalihq,,,,https://medium.com/bidali,Project Presentation,https://docs.google.com/presentation/d/1ZkjZ4KOGCzR9bc8bDQefeUj3xMMUo9tLufWzDiqoKfs/,Pitch Deck,,,,,,,,,,,,,,,,,
Biddi,Infrastructure and Tools,Biddi is the first Solana p2p exchange built on the Anchor framework.,https://www.biddi.network,,,https://github.com/bezrazli4n0/p2swap-protocol,,,,,,,,,,Project Presentation,https://drive.google.com/file/d/1tAfFWBkToUy21Ceoliy93-gvuyTn_rN-,Pitch Deck,,,,,,,,,,,,,,,,,
Block Rover,Insight and Analytics,"No-code analytics for programs, solve a common pain point.",https://blockrover.xyz,,,https://github.com/blockrover-hackathon-riptide-2022/frontend,,https://twitter.com/blockrover_xyz,,,,,,,,Project Presentation,https://docs.google.com/presentation/d/1Xbdfdv1uccYyfzF4Ful4r9pAfTVcipb18pa7Akn_zzQ,Pitch Deck,,,,,,,,,,,,,,,,,
Bondsai,Infrastructure and Tools,"We are building a platform for DAOs, where any DAO can create an event of NFT bonding. The main purpose of these events is to provide a possibility for DAOs to request some NFTs from collections they are interested in and to offer DAO's locked-up tokens for these NFTs.",https://bondsai.github.io/explore,,,https://github.com/Bondsai,,https://twitter.com/BondsaiPlatform,,,,,,,,Project Presentation,https://youtu.be/nDT6ItPlP9s,Pitch Deck,,,,,,,,,,,,,,,,,
Boom,DeFi,Boom is a permissionless sports betting protocol built on Solana.,https://preview.boombet.app,,,https://github.com/m2-labs/boom,,https://twitter.com/_BoomBet,,,,,,,,Project Presentation,https://www.youtube.com/watch?v=ZZdryvM-UEY,Pitch Deck,,,,,,,,,,,,,,,,,
Boost Protocol,DeFi,Boost Protocol is an asset management protocol built using Blade Labs vault infrastructure. The primary offering of the Boost Protocol are Boosted Vaults. These vaults implement an automated recursive deposit-borrow strategy in order to increase yield on vault denominated assets.,https://blade.so,http://www.yboost.so,,https://github.com/Blade-Labs-Corp,,,,,,,,,,Project Presentation,https://drive.google.com/file/d/1irYcjZunp60Fcn4uRuDuRdLuSA9XYjwq,Pitch Deck,,,,,,,,,,,,,,,,,
Bounty Bot,Infrastructure and Tools,"Bounty Bot is here to organize the bounty ecosystem in Web3, in a trustless and transparent way.",,,,https://github.com/UjjwalGupta49/bounty-bot-riptide,https://ujjwalgupta49.gitbook.io/untitled,,,,,,,,,Project Presentation,https://www.canva.com/design/DAE7Pny4qEs/-KRJxOmWg-fU8npolnpJ3w/view?utm_content=DAE7Pny4qEs,Pitch Deck,,,,,,,,Ujjwal Gupta,https://twitter.com/ujjwalgupta49,,,,,,,,
Breakroom,NFT and Games,"Every day at 1pm, users join and answer 12 trivia questions. Players who answer all questions correctly split a prize fund sponsored by advertisers. The questions are written about general encyclopedic topics, not about crypto. You need to set up a crypto wallet to play. Every question answer is a transaction. The payouts are sent with USDC.",https://breakroom.show,,,https://github.com/breakroomshow,,,,,,,,,,Project Presentation,https://youtu.be/a7EL8FCydUM,Pitch Deck,,,,,,,,,,,,,,,,,
Bucket,DeFi,"Bucket protocol builds an aggregation layer on top of existing stablecoins across Solana to create a canonical mint for a USD-pegged token on Solana. Bucket offers a unifying stablecoin interface to trading protocols and additional liquidity to stableswap protocols, whereas consumers benefit from a diversified stablecoin index with an insurance fund and automated yield that simplifies participation in DeFi into a one-step process.",,,https://docs.google.com/document/d/1_GOjncQYXdtBtDilnhC1_wZllG9nEKJgOS7xX4IV2H4,https://github.com/bucket-dao,,,,,,,,,,Project Presentation,https://youtu.be/Zy6UKUjsAwQ,Pitch Deck,,,,,,,,,,,,,,,,,
Buoyant,Infrastructure and Tools,A base protocol for tradable on-chain subscriptions.,https://buoyantprotocol.xyz,,,https://github.com/IlliniBlockchain/buoyant,https://buoyant.gitbook.io/buoyant,https://twitter.com/buoyantprotocol,,,,,,,,Project Presentation,https://vimeo.com/689545761,Pitch Deck,,,,,,,,,,,,,,,,,
cafeteria gg,Social,"Cafeteria.gg is an innovative chat platform natively infused with the latest crypto-tech to bring a new and exciting community driven experience. It was built to bridge web2 users to the web3 world in a fun, safe, and social environment, and also allow users to monetize their engagement and communities.",https://cafeteria.gg,,,https://github.com/Cafeteria-gg/chat/tree/stage,,https://twitter.com/CafeteriaGG,,,,,,,,Project Presentation,https://drive.google.com/file/d/1YbetyNTn2VLMKRNqljLx6tcCdjR0P6R1/,Pitch Deck,https://drive.google.com/file/d/1pcf6l89f45UrIAOV_LAwMRpRt-Yk70p4,,,,,,,,,,,,,,,,
Calcifer,DeFi,Calcifer is a DeFi protocol that allows for the creation of synthetic tokens that represent the future yield of a deposit.,https://calcifer-interface.pages.dev,,,https://github.com/calcifer-project/calcifer-protocol,,,,,,,,,,Project Presentation,https://docs.google.com/presentation/d/1Wd7YOQE_jkBWe1N1yYxbP5Y5mBbVdIKktD_1nopJfEQ,Pitch Deck,,,,,,,,,,,,,,,,,
Cambrian,Social,"A work coordination protocol, the first use-case for memes.",https://spit-fire.io,,https://drive.google.com/file/d/1zHsyF9zkpvBfIVv5BhwnLp5Y_ldMAmLO,https://gitlab.com/cambrian-dev/cambrian,,,,,,,,,,Project Presentation,https://drive.google.com/file/d/1JTZ36vseATQLMmcquPw8A617SupHVkg5,Pitch Deck,,,,,,,,,,,,,,,,,
Candy Shop,Infrastructure and Tools,"Candy Shop is a tool suite that enables anyone to launch their own NFT marketplace within a few minutes! Built on the Metaplex Auction House and the Candy Shop on-chain program, Candy Shop SDK is an open source Javascript library that comes with key functional commands and data endpoints for hosting your own NFT marketplace.",https://liqnft.github.io/solana-candy-shop,,,https://github.com/LIQNFT/candy-shop,,,,,,,,,,Project Presentation,https://youtu.be/4dcAsbKmwK0,Pitch Deck,,,,,,,,,,,,,,,,,
Cardinal,NFT and Games,"Cardinal protocol provides a way to wrap NFTs with time and usage based expiry. Owners/issuers can issue their NFTs as rentals with custom invalidation parameters including price and duration. Borrowers/renters can pay to claim an available rental from the marketplace pool, and after the specified amount of time has expired, the NFT will be programmatically revoked from their wallet and returned to the owner.",https://www.cardinal.so,https://main.cardinal.so,,https://github.com/cardinal-labs,https://docs.cardinal.so,https://twitter.com/cardinal_labs,https://discord.gg/byq6uNTugq,,,,,,,Project Presentation,https://youtu.be/KPDSAuzdojA,Pitch Deck,,,,,,,,,,,,,,,,,
Cassava,Wallets,"Cassava is the crypto infrastructure in Africa. It aims to empower billions of African users with Web3 technologies by providing users with a series of products such as multichain wallet, NFT marketplace, crypto-based rewards system, DID (digital identity) and OATs (on-chain achievement token) system, etc.",https://www.cassava.network/,,,https://github.com/cassavaproject,https://cassava-project.gitbook.io/cassava-docs,https://twitter.com/CassavaNetwork,,https://t.me/CassavaNetworkAnn,,,,,https://medium.com/@CassavaNetwork,Project Presentation,https://docsend.com/view/n4fdqnpe2nws8zgg,Pitch Deck,https://docsend.com/view/n4fdqnpe2nws8zgg,,,,,,,,,,,,,,,,
CellFi,DeFi,"Here at CellFi, CLOB liquidity is wrapped into farms and defi users could easily provide liq for CLOB. We have multiple strategies that helps get really high yield with moderate risk. CellFi farms is the first yielding pool that helps you generate profit directly from volatility.",https://cellfi.io/,,,https://github.com/0xhipo/cell-protocol-program,,,,,,,,,,Project Presentation,https://docs.google.com/presentation/d/1GC_ICdouad_DaEGDjmVI5kRpUIl7Z7-QckSvQv1Ik8I,Pitch Deck,,,,,,,,,,,,,,,,,
ChainFuse,NFT Marketplaces,"We built this project because the future is multi-chain. Solana will live side by side Ethereum, Tezos, Hedera Hashgraph, and many more.",http://chainfuse.io,,,https://github.com/georgeportillo/chainfuse,,,,,,,,,,Project Presentation,https://docs.google.com/presentation/d/1HKcQYvaIDtOkVzPPOSwp521O1mhL4p_LP7By46SZpQE/edit#slide=id.g11dc44afcbc_1_0,Pitch Deck,,,,,,,,,,,,,,,,,
Chat3,Social,Chat3 is a messaging application that uses decentralized principles and also peer-to-peer as real-time communication.,https://chat3.app,,,https://github.com/ilhamm02/chat3,,,,,,,,,,Project Presentation,https://www.canva.com/design/DAE6IIpMaHA/MZejSgVIMTQZm1g3qkxOJw,Pitch Deck,,,,,,,,,,,,,,,,,
Check Protocol,Infrastructure and Tools,Check Protocol is a protocol that going to provide Solana with an interoperable trust layer solution for decentralized identities and verifiable credentials that can be implemented in numerous use-cases.,,,,https://github.com/getcheck/check,,,,,,,,,,Project Presentation,https://docs.google.com/presentation/d/1kqB8he_bNt5P01uBGPQG-Iaxf3O_k9Io,Pitch Deck,,,,,,,,,,,,,,,,,
Chess2Earn,NFT and Games,An online chess game on the Solana blockchain. You need to buy NFT chess pieces and bet one of them before playing.,https://www.chess2earn.com/,,,https://github.com/mbouthemy/blockchess-next,,,https://discord.gg/waFXw4Jq5e,,,,,,,Project Presentation,https://youtu.be/GoXG3BQHpvQ,Pitch Deck,,,,,,,,,,,,,,,,,
CHESSFi,NFT and Games,CHESSFi is a web3 based chess with GameFi and LearnFi elements.,https://www.chessfi.xyz/,,,https://github.com/alancodvo/ChessFi,,https://twitter.com/ChessFi_xyz,https://discord.gg/EHxQxA8k9q,,,,,,,Project Presentation,https://www.slideshare.net/arakawaalan/chessfi-litepaper-v0,Pitch Deck,,,,,,,,,,,,,,,,,
Circles DAO,NFT Marketplaces,Circles DAO is the platform for creative content creators where people can collaborate using DAO. Creators can create content and sell it as NFT’s and blind boxes and can share the rewards among the DAO members.,,,,https://github.com/blockbasedev/circles-dao-sol,,,,,,,,,,Project Presentation,https://youtu.be/yio-qX28E5Q,Pitch Deck,,,,,,,,,,,,,,,,,
CircleSub,Infrastructure and Tools,Tipping for Twitch and Twitter on Solana.,https://circlesub.xyz/,,,https://github.com/circlesub,,https://twitter.com/circlesub,,,,,,,,Project Presentation,https://video.upbase.dev/circlesub.mp4,Pitch Deck,,,,,,,,,,,,,,,,,
City of Legends,NFT and Games,"City of Legends aims to build a new Solana-based blockchain gaming ecosystem to create more exciting content for gamers around the world, and provide extension opportunities to independent game studios to enter the blockchain world. ",https://www.col.zone/,,https://col-1.gitbook.io/city-of-legends-whitepaper,https://github.com/Cityoflegends,,https://twitter.com/Cityof_Legends,https://discord.gg/HVhZVantWq,,,https://www.instagram.com/cityof_legends1,,,https://medium.com/@Cityof_Legends,Project Presentation,https://youtu.be/TpyZHGhpHdU,Pitch Deck,,,,,,,,,,,,,,,,,
Clubverse,NFT and Games,"Clubverse is a web3 platform for creators and their communities. Users can access exclusive communities with limited edition NFTs. Creators can offer all sorts of perks and services directly from the platform to their users, or open them up to the public.",,,,https://github.com/macols77/clubverse,,https://twitter.com/clubverseio,,,,,,,,Project Presentation,https://youtu.be/iO5CFrbd7fk,Pitch Deck,,,,,,,,,,,,,,,,,
Coherence Finance,DeFi,"Coherence Finance provides the ability to buy, sell, or build your own crypto ETFs.",https://coherence.finance/,,https://docs.google.com/document/d/1Ua5pzDok26ic6AQUbEa_MHYbRFiGxpxSUkAtQ3KsfeE,https://github.com/coherence-finance,,https://twitter.com/CoherenceFi,https://discord.gg/qh4wZgHEQN,,,,,,,Project Presentation,https://www.youtube.com/watch?v=O2PojfEnKKE,Pitch Deck,,,,,,,,,,,,,,,,,
CoinPe,Infrastructure and Tools,Making day-to-day payments in India using USDC over Solana & UPI (0 MDR) network.,https://coinpe.xyz,,,https://github.com/coinpe-org,,https://twitter.com/coinpe_xyz,,,,,,,,Project Presentation,,Pitch Deck,,,,,,,,,,,,,,,,,
Colatto,NFT and Games,Colatto is a decentralized and open source no loss lottery platform.,,,https://docs.google.com/document/d/1tXiPjAWEtwnqx9FhmeRhEQrb_brvvFs8f9gVf0ahR4I,https://github.com/prakhar1234/Colatto,,,,,,,,,,Project Presentation,https://drive.google.com/file/d/1BNsZAfclQgymlzeHbes9sYHna6chJ0Xv/view?usp=sharing,Pitch Deck,,,,,,,,,,,,,,,,,
Commerce DAO,Infrastructure and Tools,"Commerce DAO is a fully integrated web3 commerce payment stack powered on Solana. Commerce DAO will also bring innovative solutions to commerce challenges including payment disputes, incentive rewards for loyal customers.",,,,https://github.com/autonomous-ai/web3-ecm-smart-contracts,,,,,,,,,,Project Presentation,https://drive.google.com/drive/folders/1WrY1z-SsdHWkIIix1fXPu_SblwituCJx,Pitch Deck,,,,,,,,,,,,,,,,,
Contribute,Social,Contribute is where builders coordinate to shape the next generation of the web.,https://www.contribute.xyz,,,https://github.com/ContributeDAO/contribute,,,,,,,,,,Project Presentation,https://youtu.be/TXImRCEyqqY,Pitch Deck,,,,,,,,,,,,,,,,,
Cooperaty,Social,"Cooperaty with Cooperaty DAO is the home of a community of Traders, Investors & Students. We want to provide the possibility to anyone to know how to trade.",https://www.cooperaty.org,https://app.cooperaty.org,,https://github.com/cooperaty/,,,https://discord.gg/Rwad8agpRJ,,,,,,,Project Presentation,https://youtu.be/ir9QoWuRs34,Pitch Deck,,,,,,,,,,,,,,,,,
CoralCube,NFT Marketplaces,CoralCube is an NFT marketplace and aggregator that aims to highlight three columns of web3 in the context of NFTs,https://coralcube.io/,,,https://github.com/the-1ndex/chain-crunch,,https://twitter.com/coralcubenft,https://discord.gg/RRETBxvMb2,,,,,,,Project Presentation,https://drive.google.com/drive/folders/12n_HzXASKN94e2UxM61U6NMb4RAZKTVR,Pitch Deck,,,,,,,,,,,,,,,,,
Crema Finance,DeFi,"Crema Finance is a powerful concentrated liquidity protocol that provides superior performance for both traders and liquidity providers. It deployed the first concentrated liquidity market maker (CLMM) algorithm on Solana mainnet that allows users to add liquidity within their specified price ranges. Crema aims to redefine the capital efficiency and trading depth in non-evm ecosystems through both its CLMM infrastructure and a series of affiliate innovations such as NFT liquidity farming, smart router, etc.",https://www.crema.finance,https://app.crema.finance,,https://github.com/CremaFinance,https://gitbook.crema.finance,,https://discord.gg/cremafinance,https://t.me/cremafinance,,,,,https://medium.com/@Crema.finance,Project Presentation,,Pitch Deck,https://docsend.com/view/agezs89iaxrsa58u,,,,,,,,,,,,,,,,
Cronos,Infrastructure and Tools,Cronos is a task scheduler for Solana with an on-chain task queue where users can schedule instructions to be signed and validated according to a predetermined schedule. These tasks are currently being cranked by an open bot network.,https://cronos.so,,,https://github.com/cronos-so/cronos,https://docs.cronos.so,,,,,,,,,Project Presentation,https://www.loom.com/share/6d0529c2a083418db98241d39e9de8db,Pitch Deck,,,,,,,,,,,,,,,,,
Crosslink Protocol,NFT and Games,"Crosslink Protocol establishes a new web3 primitive 'microtitles' which are NFTs that are cryptographically and incontrovertibly ""linked"" to a physical item, thereby proffering proof of ownership, and authenticity all-in-one. The system may be used for digitizing assets, and counterfeit prevention.",https://www.crosslink.pro,,https://github.com/microtitle-io/crosslink-protocol/blob/main/docs/crosslink-protocol-v0.1b.pdf,https://github.com/microtitle-io/crosslink-protocol,,https://twitter.com/microtitle_io,,,,,,,https://medium.com/@microtitle,Project Presentation,https://www.youtube.com/watch?v=qh5evgYA-7Q,Pitch Deck,,,,,,,,,,,,,,,,,
Crossmint,Infrastructure and Tools,Crossmint is an SDK for NFT creators and marketplaces to accept credit card payments. It enables anyone to mint an NFT in 1 minute by using their gmail and credit card. No crypto or wallet required - we create one for the user when they mint! ,,,,,https://docs.crossmint.io,https://twitter.com/crossmint_io,https://discord.gg/crossmint,,,,,,,Project Presentation,https://vimeo.com/671525311,Pitch Deck,,,,,,,,,,,,,,,,,
CryptoJobs .network,Social,"CryptoJobs.network is a permissionless social platform that contains elements of a job board and a social network with a unique feature (Proof of Completion) that allows implementing a decentralized Reputation system, which can be used in later extensions and in any trustless app.",https://cryptonetwork.vercel.app,,,https://github.com/comingAlive/codename-c,,,,,,,,,,Project Presentation,https://drive.google.com/file/d/1K8IB-FkIZgR9NbJ1PKlPQlmmLY85zgK2,Pitch Deck,,,,,,,,,,,,,,,,,
CryptoPay,Infrastructure and Tools,"CryptoPay is a merchant gateway dedicated to retail shops and merchants, users can leverage crypto for hard cash just like an ATM. Using our dApp users can pay using barcode and SNS type services.",,,,https://github.com/Shubham0850/crypto-pay,,,,,,,,,,Project Presentation,https://youtu.be/viHDl7W_I_k,Pitch Deck,,,,,,,,,,,,,,,,,
d'Art NFT,NFT and Games,d’Art uses Solana blockchain technology for services that issue NFTs and provide DEFI for real art objects.,https://drive.google.com/file/d/1WraVYZGBwBe-m9SviEzwtm0v1-Etp-VK/view?usp=sharing,,,https://github.com/Kocoondart/DARTNFT,,,,,,,,,,Project Presentation,,Pitch Deck,,,,,,,,,,,,,,,,,
DAO Talents Club,Social,"DAO Talents Club aims to assist DAOs with managing and curating talent by keeping track of activities that happen on our platform that include possible bounty bot integrations, XP Collabs & social Kudos that are exchanged between profiles.",,,,https://github.com/cogoo/bdyc,,https://twitter.com/DAOTalents,,,,,,,,Project Presentation,https://www.youtube.com/playlist?list=PLtpX9iULo-fByVVST1ahPSJEeVEK7lpEt,Pitch Deck,,,,,,,,,,,,,,,,,
Dappsuite Wallet,Wallets,Dappsuite Wallet allows Salesforce customers to send USDC stablecoin payments. They can also collateralize SOL in order to Borrow USDC from Jet Protocol.,,,,https://github.com/domsteil/salesforce-solana-pay-wallet,,,,,,,,,,Project Presentation,https://docs.google.com/presentation/d/15MoLRqrttVwGis_XCB57IPz67VXAa5bF6SaQ3NMQ5Qw,Pitch Deck,,,,,,,,,,,,,,,,,
Dcaf Drip,DeFi,Dcaf Drip is an automated DCA protocol that uses a novel vault mechanism to provide configurable and scalable cost averaging strategies.,,,,https://github.com/dcaf-protocol,,https://twitter.com/DcafDrip,,,,,,,,Project Presentation,https://www.dropbox.com/s/4i9zpuamctefuqc/DCAF%20-%20Riptide%20Hackathon.pdf,Pitch Deck,,,,,,,,,,,,,,,,,
Decentralize Solana Dao,Infrastructure and Tools,"We, The DSOL DAO Community Members, are seeking to Further Decentralize Solana Via Gamification by creating the necessary incentives to have the vast majority of solanists not only care about it, but actually do something about it.",https://www.dsoldao.io,,https://whitepaper.dsoldao.io,https://github.com/kamda-cyrial/Dsol-Programs,,,,,,,,,,Project Presentation,https://drive.google.com/drive/folders/1-inmGIT7vADr7qMddGx44_12fRhIqwI4,Pitch Deck,,,,,,,,,,,,,,,,,
Decentralized Social,Social,The Ded.social platform aims to bridge the gap between current centralized social media platforms and decentralized cryptocurrency concepts,https://www.ded.social,,,https://github.com/dedmonkes,https://book.ded.social,https://twitter.com/dedsocial_,,,,,,,,Project Presentation,https://www.youtube.com/watch?v=_7ptddEu2Hc,Pitch Deck,,,,,,,,,,,,,,,,,
DeCommas,DeFi,"DeCommas is a Multi-chain DeFi Automation Layer. However, specifically for Riptide Hackathon we've built the Automated Basis Trading Vault.",https://decommas.io,https://app.decommas.io,,https://github.com/DeCommas/SolanaMangoBasisStrategy,,https://twitter.com/decommas,https://discord.gg/ptAQe3jx6Y,https://t.me/decommas,,,,,https://medium.com/@DeCommas,Project Presentation,https://drive.google.com/file/d/1ax2GYs-DxU3zX9DtPYFQ3s2mI1AanaV5,Pitch Deck,,,,,,,,,,,,,,,,,
Degen Islands,NFT and Games,"Degen Islands is a virtual world in which players can participate in a gold rush, anyone can claim a piece of land - or an island in this case - and own all the resources that lay under their feet.",http://degenislands.com,,,https://github.com/Degen-Islands/WebGLDemo,,https://twitter.com/degenislands,discord.gg/TCJVHAV6aJ,,,,,,,Project Presentation,https://vimeo.com/689493974,Pitch Deck,https://www.dropbox.com/s/yczgsio1mzzoq0k/Degen Islands-Deck.pdf,,,,,,,,,,,,,,,,
DeGit,Infrastructure and Tools,Decentralised Git Repository that can incentivise developers in open source projects.,https://degit.io,,,https://github.com/degit-io/degit,,https://twitter.com/DeGitLab,,,,,,,,Project Presentation,https://docs.google.com/presentation/d/1CcSLuQ-8-AMZ6pr8waB8mvHxS0RTaFAmn7v70i8SKxQ,Pitch Deck,,,,,,,,,,,,,,,,,
DeLiquid,Infrastructure and Tools,Revolutionizing payment and credit score infrastructures.,https://www.deliquid.io,https://app.deliquid.io,,https://github.com/DeLiquid,,https://twitter.com/realDeLiquid,,,,https://www.instagram.com/deliquidofficial,,,,Project Presentation,https://drive.google.com/drive/folders/1b5og_fbsVgNlDG-1rrU1lopl0gUlVTc4,Pitch Deck,,,,,,,,,,,,,,,,,
Delphor Finance,DeFi,"Delphor is a capital-efficient, oracle-based, multi-point Liquidity Provider and Portfolio Manager protocol for Solana.",http://delphor.finance,,https://delphor-finance.gitbook.io/delphor-gitbook/general-info/litepaper,https://github.com/Delphor-finance,https://delphor-finance.gitbook.io,,,,,,,,,Project Presentation,https://www.youtube.com/watch?v=k7VjhC7PbOA,Pitch Deck,,,,,,,,,,,,,,,,,
DeltaFi,DeFi,"DeltaFi is the world’s most efficient and user-friendly intelligent AMM design built for traders, market makers, and liquidity providers.",https://www.deltafi.ai,,https://deltafi-s3.s3.us-east-2.amazonaws.com/DeltaFi_whitepaper.pdf,https://github.com/delta-fi,,https://twitter.com/deltafi_ai,https://discord.gg/deltafi,https://t.me/deltafi_labs,,,,,https://medium.com/deltafi,Project Presentation,,Pitch Deck,https://docsend.com/view/ui53ygecmvt5j8qj,,,,,,,,,,,,,,,,
DePocket Finance,DeFi,DePocket is an integrated Defi platform that supports people to manage and invest their assets across multi-chain & multi-wallet.,https://app.depocket.com,,,https://github.com/depocket/depocket_solana_backend,,https://twitter.com/depocketfinance,,https://t.me/Depocketchannel,,,,,,Project Presentation,https://docs.google.com/presentation/d/10Ttqlc30lkeFzB2f-tY3bMz1vGEplZa0,Pitch Deck,,,,,,,,,,,,,,,,,
DigiPets,NFT and Games,Loyalty programs will change the way we interact with a business. DigiPets gamifies the loyalty program while educating new adopters.,,,,https://github.com/fcolinRT/SolanaPayDigiPet,,,,,,,,,,Project Presentation,https://www.dropbox.com/s/cxxjiycygo3re4e/DigiPets.pdf,Pitch Deck,,,,,,,,,,,,,,,,,
Disco Astronaut Club,NFT and Games,The first virtual NFT artist on Solana.,https://www.discoastronautclub.com,,https://indd.adobe.com/view/30e69cf0-2477-4cb2-9c9a-e0696b616e06,https://github.com/jamesccoholan/discoastronautclub,,https://twitter.com/DiscoAstroClub,,,,,,,,Project Presentation,https://youtu.be/ezRnFj08KlI,Pitch Deck,https://docsend.com/view/7cs6m7ykmpmbgwbp,,,,,,,,,,,,,,,,
Disco Protocol,Infrastructure and Tools,Disco Protocol is a suite of tools that decentralize the way events are managed. We’re making events funky using Solana. ,https://disco.foundation,https://board.disco.foundation,,https://github.com/Disco-Foundation,,https://twitter.com/DISCO_Protocol,,,,,,,,Project Presentation,https://disco.foundation/hackathon-video.mp4,Pitch Deck,https://drive.google.com/file/d/1HLtepNoHhGJM0AafE5XPo3WivbHLiNXi,,,,,,,,,,,,,,,,
District3,NFT and Games,District3 is the first Augmented Reality platform on Solana.,https://app.district3.io,,https://district3nft.medium.com/district3-litepaper-5fc6ad577327,https://github.com/district3-io/AR,,https://twitter.com/ARDistrict3,,,,,,,,Project Presentation,https://twitter.com/ARDistrict3/status/1465669165377720328,Pitch Deck,,,,,,,,,,,,,,,,,
dockIT,Infrastructure and Tools,dockIT is a NFT backed invoice generator and payment gateway created with the integration of Solana Pay.,,,,https://github.com/rk-rishikesh/DockIT,,,,,,,,,,Project Presentation,https://docs.google.com/presentation/d/1ZTnNkZ5v4e3o7i7DlGF5gurqWqpG0o8mgwXymljFT_A,Pitch Deck,,,,,,,,,,,,,,,,,
DoDAO .io,Infrastructure and Tools,DoDAOs onboarding platform enables DAOs to create interactive onboarding content in the form of guides.,https://sol.dodao.io,,,https://github.com/DoDAO-io,,https://twitter.com/dodao_io,,,,,,,,Project Presentation,https://www.loom.com/share/231d2dd1e2f1480bb476416bcfc051cf,Pitch Deck,,,,,,,,,,,,,,,,,
Dona,Infrastructure and Tools,"Dona is a checkout donations platform built on Solana Pay. Using Dona, merchants can set up a checkout donation campaign that smoothly integrates into their existing Solana Pay checkout flow to enable charitable donations. ",,,,https://github.com/philliphuang/dona,,,,,,,,,,Project Presentation,https://docs.google.com/presentation/d/1jOvFfoGpHa9zBjC2quTEGFc7hLyspL3vVwWp19CYApw,Pitch Deck,,,,,,,,,,,,,,,,,
DragVerse,Social,"Dragverse will be a dApp where you as an NFT drag (queen, king, monster, etc.) can live broadcast using Livepeer and earn tips from your followers.",,,,https://github.com/DragVerse,,https://twitter.com/metadragverse,,,,https://www.instagram.com/metadragverse,,,,Project Presentation,https://www.figma.com/proto/qON40sQygBUfT4vAmRD0z1/Dragverse-%F0%9F%9A%80?node-id=290%3A7191&scaling=scale-down&page-id=290%3A7086&starting-point-node-id=290%3A7191,Pitch Deck,,,,,,,,,,,,,,,,,
Drip Protocol,DeFi,Drip Protocol is a mobile-first trading platform built on top of Serum. We built this to address the UX gap between existing Serum DEXes on Solana and centralized exchanges.,https://drip.trade,,,https://github.com/drip-protocol/drip-client,,https://twitter.com/drip_protocol,https://discord.gg/drip-protocol,,,,,,https://drip-protocol.medium.com,Project Presentation,https://vimeo.com/689490917,Pitch Deck,,,,,,,,,,,,,,,,,
Dropio,Infrastructure and Tools,AirDrop tool for Solana with a temporary wallet.,https://dropio.tinycolony.io,,,https://github.com/TinyColonyGame/dropio,,,,,,,,,,Project Presentation,https://www.loom.com/share/7265e551580c4b2fab95d8d8e5faeb5d,Pitch Deck,,,,,,,,,,,,,,,,,
Dual Finance,DeFi,Dual Finance aims to be a base-layer incentization protocol for any crypto project. Decentralized crypto structured product protocol with streaming liquidity for sustained yield generation. Designed atop a breakthrough token reward mechanism and capitally efficient collateral management system.,https://dual.finance,,,https://github.com/brittcyr/dual-labs-dip,https://docs.dual.finance,https://twitter.com/DualFinance,https://discord.gg/M9ztUt6g,,,https://www.instagram.com/dual.finance,,,https://medium.com/@dualfinance,Project Presentation,https://docs.google.com/presentation/d/1JZTzNr0ZpIHfX5GmvFHm5luN1IS2mNkDzGNuIxh-Evo,Pitch Deck,,,,,,,,,,,,,,,,,
DXMD Virtual Care,Infrastructure and Tools,"DXMD is the first virtual care platform built on the blockchain. It is a Web 3.0 Virtual Care, Electronic Health Record, & Medical NFT Platform built on Solana. The platform is designed as a DAO to connect patients, providers, and developers together via HIPAA compliant medical dApps and secure databases.",https://www.dxmd.org,,,https://github.com/DXMD-Project/telemedplatform,,https://twitter.com/dxmdofficial,https://discord.gg/Abv3uX8dn7,https://t.me/DXMDofficial,,,https://www.reddit.com/r/DXMD,,,Project Presentation,https://www.beautiful.ai/player/-Mmtrp7UcRBSI8-Ve0_m,Pitch Deck,,,,,,,,,,,,,,,,,
Eigen Finance,DeFi,"Hedging interest rate risk in DeFi. Lending is the largest pillar of Defi, many protocols on Solana provide variable interest rate borrowing and lending solutions. However, the current floating rate market is undesirable since it is hard to predict the interest rate change thus hard to plan accordingly especially for larger institutions.",https://eigen.finance,https://app.eigen.finance,,https://github.com/eigen-finance/eigen,,https://twitter.com/eigenFinance,https://discord.gg/WVcBybkTz7,,,,,,,Project Presentation,https://drive.google.com/file/d/1m8PywmDoAfVURAt6_d4GatKJB5oPbpmO,Pitch Deck,,,,,,,,,,,,,,,,,
Elfo Protocol,DeFi,,https://www.youtube.com/watch?v=I15QtjWuY58,,,https://github.com/elfo-protocol,,,,,,,,,,Project Presentation,,Pitch Deck,,,,,,,,,,,,,,,,,
Elusiv,DeFi,,https://www.youtube.com/watch?v=WygpPNIAorQ,,,https://github.com/elusivcash,,,,,,,,,,Project Presentation,,Pitch Deck,,,,,,,,,,,,,,,,,
Email3,DeFi,,https://youtu.be/XLnlZFGI6-4,,,https://github.com/email3,,,,,,,,,,Project Presentation,,Pitch Deck,,,,,,,,,,,,,,,,,
Encha Nft Enchant Protocol,DeFi,,,,,https://github.com/DragonProtocol/synft/pulls,,,,,,,,,,Project Presentation,,Pitch Deck,,,,,,,,,,,,,,,,,
Encha Nft Protocol Composable Nf Ts,DeFi,,,,,https://github.com/DragonProtocol/synft,,,,,,,,,,Project Presentation,,Pitch Deck,,,,,,,,,,,,,,,,,
Enchant Protocol Composable Solana Nft,DeFi,,https://docs.google.com/presentation/d/1zGJyLZx1Dce_qfqQMU3onka_Jw2_efd3,,,https://github.com/DragonProtocol/synft,,,,,,,,,,Project Presentation,,Pitch Deck,,,,,,,,,,,,,,,,,
Execubot,DeFi,,,,,https://github.com/Sharpieman20/Execubot,,,,,,,,,,Project Presentation,,Pitch Deck,,,,,,,,,,,,,,,,,
Fawn Run,DeFi,,https://docs.google.com/presentation/d/1KCFKCG_h_fjlF_FMT_zelXRzdw_wNBB9Tv6q0Bsj2FI/edit?usp=sharing,,,https://github.com/libfunc/fawn.run,,,,,,,,,,Project Presentation,,Pitch Deck,,,,,,,,,,,,,,,,,
Fit Sol,DeFi,,https://www.youtube.com/playlist?list=PLQC54a0t402hCHcmTxmc7oV7bNqzzJQ3K,,,https://github.com/swetshaw/fit-sol-frontend,,,,,,,,,,Project Presentation,,Pitch Deck,,,,,,,,,,,,,,,,,
Floppy Labs,DeFi,,https://docs.google.com/presentation/d/18NBxlwv9SFqi1n8OE6RPTOezvi7Q64ZLiOL8JFBcTcw/edit?usp=sharing,,,https://github.com/floppy-labs/wl-staking,,,,,,,,,,Project Presentation,,Pitch Deck,,,,,,,,,,,,,,,,,
Fora,DeFi,,https://drive.google.com/file/d/1bsipOFeLMAQdbK5-UVEw3AtCjdsX13JA/view?usp=sharing,,,https://github.com/fora-labs/fora,,,,,,,,,,Project Presentation,,Pitch Deck,,,,,,,,,,,,,,,,,
Forart Ai,DeFi,,https://youtu.be/GrknLnLrwjU,,,https://github.com/Forart-ai,,,,,,,,,,Project Presentation,,Pitch Deck,,,,,,,,,,,,,,,,,
Forge Bots Gem Collector A Portals Experience,DeFi,,https://www.youtube.com/watch?v=Fr7F4I6bFXM,,,https://github.com/duncan-iaria/r33-server,,,,,,,,,,Project Presentation,,Pitch Deck,,,,,,,,,,,,,,,,,
Fractal Fantasy,DeFi,,https://drive.google.com/file/d/1H5BnAXMLRuH56m6SybVPUWSbWI499QGf/view?usp=sharing,,,https://github.com/BlockchainDeveloper009/nextjsfractalfantasy_devbranch,,,,,,,,,,Project Presentation,,Pitch Deck,,,,,,,,,,,,,,,,,
Freedom Markets,DeFi,,https://www.beautiful.ai/-MyJiEau1qlll4jvS_mo/2,,,https://github.com/mutable-dev/jmx/,,,,,,,,,,Project Presentation,,Pitch Deck,,,,,,,,,,,,,,,,,
Frodo Bots,DeFi,,https://youtu.be/RlkqUiKC8dU,,,https://github.com/frodobots-org,,,,,,,,,,Project Presentation,,Pitch Deck,,,,,,,,,,,,,,,,,
Game Sea,DeFi,,https://drive.google.com/file/d/1ZK-F1iDst2WkdEejIlCmsQXp55IXyVpH/view?usp=sharing,,,https://github.com/GameSeaSolana/GameSeaSolana,,,,,,,,,,Project Presentation,,Pitch Deck,,,,,,,,,,,,,,,,,
Garbles,DeFi,,https://drive.google.com/file/d/1qGLoHTtz5sCftPos2Aj1WUAATLPZb3ff/view?usp=sharing,,,https://github.com/garbles-dev,,,,,,,,,,Project Presentation,,Pitch Deck,,,,,,,,,,,,,,,,,
Gari Network,DeFi,,https://bitbucket.org/sumitghosh/gari-wallet-service,,,,,,,,,,,,,Project Presentation,,Pitch Deck,,,,,,,,,,,,,,,,,
Gdt Gaming Asset Platform,DeFi,,https://www.dropbox.com/s/qaez92li66224ql/GDT_-_Gaming_Asset_Platform.pdf?dl=0,,,https://github.com/GameDev-Tube/GDT,,,,,,,,,,Project Presentation,,Pitch Deck,,,,,,,,,,,,,,,,,
Gem Works Transmuter,DeFi,,,,,https://github.com/gemworks/transmuter,,,,,,,,,,Project Presentation,,Pitch Deck,,,,,,,,,,,,,,,,,
Gene,DeFi,,https://gitlab.com/munichdev/Gene,,,,,,,,,,,,,Project Presentation,,Pitch Deck,,,,,,,,,,,,,,,,,
Gilder,DeFi,,https://www.loom.com/share/3169b781d3a4417d885093c6245e2fda,,,https://github.com/ndrabins/gilder-app,,,,,,,,,,Project Presentation,,Pitch Deck,,,,,,,,,,,,,,,,,
Gold Xyz,DeFi,,,,,https://github.com/agoraxyz/gold-rust,,https://twitter.com/i/status/1491471883220439045,,,,,,,,Project Presentation,,Pitch Deck,,,,,,,,,,,,,,,,,
Gonna Make It,DeFi,,,,,https://github.com/gmiDAO,,,,,,,,,,Project Presentation,,Pitch Deck,https://docsend.com/view/tfhhv7rrcenxhgxd,,,,,,,,,,,,,,,,
Green Rebels,DeFi,,https://drive.google.com/file/d/1sIDLmVMsBcTKDRMTemGYfaA_TxjyvPQs/view?usp=sharing,,,https://github.com/marstech3/green-rebels-cca,,,,,,,,,,Project Presentation,,Pitch Deck,,,,,,,,,,,,,,,,,
Greenearthdao,DeFi,,https://youtu.be/i9UIOSqcRW4,,,https://github.com/githbu1,,,,,,,,,,Project Presentation,,Pitch Deck,,,,,,,,,,,,,,,,,
Guild,DeFi,,https://www.youtube.com/watch?v=rQyE2riY8HM,,,https://github.com/guildso/guild,,,,,,,,,,Project Presentation,,Pitch Deck,,,,,,,,,,,,,,,,,
Hacker House Protocol,DeFi,,https://docs.google.com/presentation/d/1lwqFI1Fkudc8dSBYwfdbLYYcot1gdl4WBR-jy-9ASss/edit?usp=sharing,,,https://github.com/danmt/decidooor-program,,,,,,,,,,Project Presentation,,Pitch Deck,,,,,,,,,,,,,,,,,
Hash Up It,DeFi,,https://drive.google.com/file/d/1aHtqd75FWLvQvsy1ytV2Dt2PSUn66_-m/view,,,https://github.com/hashup-it,,,,,,,,,,Project Presentation,,Pitch Deck,,,,,,,,,,,,,,,,,
Hldao,DeFi,,https://www.youtube.com/watch?v=1qSO3ttHgm8,,,https://github.com/PrimaryCareDev/healthlink.git,,,,,,,,,,Project Presentation,,Pitch Deck,,,,,,,,,,,,,,,,,
Honest Poker,DeFi,,https://drive.google.com/file/d/1TMiWy3SFyc8y3i2Pf5IY6fk1JTxyVvyB/view?usp=sharing,,,https://github.com/ZachRoberts25/poker-backend,,,,,,,,,,Project Presentation,,Pitch Deck,,,,,,,,,,,,,,,,,
Hoo Inc Validated Video Social Network And Transaction Platform,DeFi,,,,,https://github.com/adiffengine/hoo-service,,,,,,,,,,Project Presentation,,Pitch Deck,,,,,,,,,,,,,,,,,
Hopdex,DeFi,,https://www.youtube.com/watch?v=90KnVHVgs2k,,,https://github.com/BunnyNomics101/hopdex.git,,,,,,,,,,Project Presentation,,Pitch Deck,,,,,,,,,,,,,,,,,
Hukka,DeFi,,https://drive.google.com/file/d/1CndXDUnZoi7V63TEibodR7Xa4vbZp1Wg/view?usp=sharing,,,https://github.com/revick/hukka_riptide,,,,,,,,,,Project Presentation,,Pitch Deck,,,,,,,,,,,,,,,,,
Incent,DeFi,,https://incent.vercel.app/,,,https://github.com/proBhavesh/flabs-incent,,,,,,,,,,Project Presentation,,Pitch Deck,,,,,,,,,,,,,,,,,
Incept Protocol,DeFi,,https://youtu.be/MRljI4EXAhg,,,https://github.com/Incept-Protocol,,,,,,,,,,Project Presentation,,Pitch Deck,,,,,,,,,,,,,,,,,
Infinity Cube,DeFi,,,,,https://github.com/AbelJSeba/InfinityCube,,,,,,,,,,Project Presentation,,Pitch Deck,,,,,,,,,,,,,,,,,
Invariant,DeFi,,"https://invariant.app/pool,https://vimeo.com/689371529",,,,,,,,,,,,,Project Presentation,,Pitch Deck,,,,,,,,,,,,,,,,,
Izzy Nf Ts,DeFi,,,,,https://github.com/ArdaNation/IzzyNFTs,,,,,,,,,,Project Presentation,,Pitch Deck,,,,,,,,,,,,,,,,,
Japan Dream Travel,DeFi,,https://fb.watch/bPF8nv7pPB/,,,https://github.com/sstklen,,,,,,,,,,Project Presentation,,Pitch Deck,,,,,,,,,,,,,,,,,
Jet Protocol Twitter Bot,DeFi,,https://gitlab.com/shchavinskyi/jet-protocol-twitter-bot,,,,,https://twitter.com/jetprotocolbot,,,,,,,,Project Presentation,,Pitch Deck,,,,,,,,,,,,,,,,,
Jezero Pay,DeFi,,https://youtu.be/1sGbgQAH0OY,,,https://github.com/blockbasedev/jezero-pay-sol,,,,,,,,,,Project Presentation,,Pitch Deck,,,,,,,,,,,,,,,,,
Juicy Punks,DeFi,,"https://juicypunks.com,https://www.youtube.com/watch?v=1vvXf-7qhh8",,,,,,,,,,,,,Project Presentation,,Pitch Deck,,,,,,,,,,,,,,,,,
Kaff,DeFi,,"https://gitlab.com/cormacjcorry/greenshark,https://youtu.be/VmUigZpquYk",,,,,,,,,,,,,Project Presentation,,Pitch Deck,,,,,,,,,,,,,,,,,
Kai Protocol,DeFi,,"https://kaiprotocol.com/,https://kaiprotocol.com/",,,,,,,,,,,,,Project Presentation,,Pitch Deck,,,,,,,,,,,,,,,,,
Kharon Protocol,DeFi,,https://www.youtube.com/watch?v=Fiele_PBU-0,,,https://github.com/altaga/Kharon-Protocol,,,,,,,,,,Project Presentation,,Pitch Deck,,,,,,,,,,,,,,,,,
Kharon Protocol 1,DeFi,,,,,https://github.com/altaga/Kharon-Protocol,,,,,,,,,,Project Presentation,,Pitch Deck,,,,,,,,,,,,,,,,,
Kite Pay,DeFi,,http://vision.kitepay.org/,,,https://github.com/KitePayments/Kitepay-App,,,,,,,,,,Project Presentation,,Pitch Deck,,,,,,,,,,,,,,,,,
Kurayashiki,DeFi,,https://docs.google.com/presentation/d/e/2PACX-1vQ1FxUs7OsL3NF9Vtgcacafm12w2dFi5k1Mlw_KxmTKc5RUUelF62wjVdepb7CRhs0Bs_GbqK1nQioX/pub?start=false&loop=false&delayms=3000,,,https://github.com/everlastingsong/kurayashiki,,,,,,,,,,Project Presentation,,Pitch Deck,,,,,,,,,,,,,,,,,
Ladder Caster,DeFi,,https://drive.google.com/file/d/1Cnex-UEm4yeeBHIp7saY83XsGbEK5nfn/view?usp=sharing,,,https://github.com/laddercaster/ladder-caster-sol,,,,,,,,,,Project Presentation,,Pitch Deck,,,,,,,,,,,,,,,,,
Lagom,DeFi,,,,,https://github.com/lagom-exchange,,,,,,,,,,Project Presentation,,Pitch Deck,,,,,,,,,,,,,,,,,
Lagrange,DeFi,,https://www.youtube.com/watch?v=7Pa9LKa_IQM,,,https://github.com/lagrange-fi,,,,,,,,,,Project Presentation,,Pitch Deck,,,,,,,,,,,,,,,,,
Latinverse,DeFi,,https://docs.google.com/presentation/d/1H5d9z0d6ahr_-pvznhcJBeh4WTfyT21WHHI4AkLPcdI/,,,https://github.com/salsafinancial,,,,,,,,,,Project Presentation,,Pitch Deck,,,,,,,,,,,,,,,,,
Lemur Fi,DeFi,,https://www.loom.com/share/97896cdc8451456885e788c319dfa054,,,https://github.com/lemur-fi/lemur/,,,,,,,,,,Project Presentation,,Pitch Deck,,,,,,,,,,,,,,,,,
Little Atlas,DeFi,,https://www.youtube.com/watch?v=pv3UPWugSCI,,,https://github.com/Little-Atlas/solana,,,,,,,,,,Project Presentation,,Pitch Deck,,,,,,,,,,,,,,,,,
Lock On De Fi Based Copy Trading Service,DeFi,,"https://gitlab.com/lockon/backend,https://devpost.com/software/lock-on-all-in-one-defi-based-copy-trading-service",,,,,,,,,,,,,Project Presentation,,Pitch Deck,,,,,,,,,,,,,,,,,
Locus,DeFi,,https://www.loom.com/share/09352f47be8e431e85ddbdf6b0dd38aa,,,https://github.com/vjgpt/pm-board-backend,,,,,,,,,,Project Presentation,,Pitch Deck,,,,,,,,,,,,,,,,,
Logic Wallet,DeFi,,"https://gitlab.com/digigear_repo/logic-wallet,https://youtu.be/xJp_48TGAP0",,,,,,,,,,,,,Project Presentation,,Pitch Deck,,,,,,,,,,,,,,,,,
Lp Finance,DeFi,,https://www.youtube.com/watch?v=WPI4M9Stn9M,,,https://github.com/LP-Finance-Inc,,,,,,,,,,Project Presentation,,Pitch Deck,,,,,,,,,,,,,,,,,
Lulo Updated Version,DeFi,,https://www.youtube.com/watch?v=v3pW4HS-ZJA,,,https://github.com/nice-chute/lulo-app,,,,,,,,,,Project Presentation,,Pitch Deck,,,,,,,,,,,,,,,,,
Magellan The World S First Geo Based Nft Platform With Ar And Gamefi Functions,DeFi,,https://magellan.land/,,,https://github.com/pantaovay/magellan,,,,,,,,,,Project Presentation,,Pitch Deck,,,,,,,,,,,,,,,,,
Magnum Opus Magnum Opus Xyz,DeFi,,https://youtu.be/JdhvzJf4uKA,,,https://github.com/nickcruz/magnum-opus,,,,,,,,,,Project Presentation,,Pitch Deck,,,,,,,,,,,,,,,,,
Mango Blender,DeFi,,https://docs.google.com/presentation/d/1qhfr-HtKDpRNrqXkHUYRmrcxEJQLqvz01x2FS97S8Sw/edit?usp=sharing,,,https://github.com/dboures/mango-blender,,,,,,,,,,Project Presentation,,Pitch Deck,,,,,,,,,,,,,,,,,
Mango Markets Funding Arbitrage Bot,DeFi,,,,,https://github.com/dyor-market/mango-v3-service,,https://twitter.com/STACCart/status/1504436673408557060,,,,,,,,Project Presentation,,Pitch Deck,,,,,,,,,,,,,,,,,
Mango Native Options,DeFi,,,,,https://github.com/blockworks-foundation/mango-v3.git,,,,,,,,,,Project Presentation,,Pitch Deck,,,,,,,,,,,,,,,,,
Mangolorians,DeFi,,,,,https://github.com/waterquarks/mangolorians,,,,,,,,,,Project Presentation,,Pitch Deck,,,,,,,,,,,,,,,,,
Matrica,DeFi,,https://docs.google.com/presentation/d/1Q4WfGC8CHwirQNPRe0T81WUrxPcQMISyrxWrvXexi7o/edit?usp=sharing,,,https://github.com/MatricaLabs/matrica,,,,,,,,,,Project Presentation,,Pitch Deck,,,,,,,,,,,,,,,,,
Memecoinsrace,DeFi,,https://xd.adobe.com/view/2f74e49e-0861-44ac-b07f-06cb0f0640d9-7a27/,,,https://github.com/Memecoinsrace,,,,,,,,,,Project Presentation,,Pitch Deck,,,,,,,,,,,,,,,,,
Memorial Paradise,DeFi,,,,,https://github.com/MemoPara,,,,,,,,,,Project Presentation,,Pitch Deck,,,,,,,,,,,,,,,,,
Merge Go Web3 0 Idle Rpg Game,DeFi,,https://mergego.io/,,,https://github.com/chaichuanfa/mergego,,,,,,,,,,Project Presentation,,Pitch Deck,,,,,,,,,,,,,,,,,
Merstab,DeFi,,,,,https://github.com/merstab,,,,,,,,,,Project Presentation,,Pitch Deck,,,,,,,,,,,,,,,,,
Meta Bot2150,DeFi,,https://drive.google.com/file/d/1A6fOurCiG3vRRTPaOLxpYu-DC8fYMDab/view?usp=sharing,,,https://github.com/METABOT2150,,,,,,,,,,Project Presentation,,Pitch Deck,,,,,,,,,,,,,,,,,
Metaframe,DeFi,,https://www.youtube.com/watch?v=uRmKSdah8Ds&feature=youtu.be,,,https://github.com/davidkarn/metaframe-project/,,,,,,,,,,Project Presentation,,Pitch Deck,,,,,,,,,,,,,,,,,
Meta Gate City,DeFi,,https://docs.google.com/presentation/d/1LjSVpe2a5D7Fj7v5TFcgjnYiVcFjBcEkQPZ0gCx-ZFY/edit?usp=sharing,,,https://github.com/Kamilovkz,,,,,,,,,,Project Presentation,,Pitch Deck,,,,,,,,,,,,,,,,,
Metagates,DeFi,,https://docs.google.com/presentation/d/1ayMzKIYeJqxBMG-0SJQIcODJlMrjJxQffiZ64V6eJjU/mobilepresent,,,https://github.com/MetaGates,,,,,,,,,,Project Presentation,,Pitch Deck,,,,,,,,,,,,,,,,,
Meta Merch The Transparent Fair Self Governed E Commerce Marketplace Powered By Solana Blockchain And Solana Pay,DeFi,,"https://gitlab.com/metamerch,https://linktr.ee/metamerchnetwork",,,,,,,,,,,,,Project Presentation,,Pitch Deck,,,,,,,,,,,,,,,,,
Metaversium,DeFi,,https://www.youtube.com/watch?v=AgwJq_Rcwsc,,,https://github.com/proxycapital,,,,,,,,,,Project Presentation,,Pitch Deck,,,,,,,,,,,,,,,,,
Metric Nft,DeFi,,,,,https://github.com/jonestsai/metricNFT,,,,,,,,,,Project Presentation,,Pitch Deck,,,,,,,,,,,,,,,,,
Milanam,DeFi,,https://lm3mcw.csb.app/,,,https://github.com/uditkumar01/Milanam,,,,,,,,,,Project Presentation,,Pitch Deck,,,,,,,,,,,,,,,,,
Million Finance,DeFi,,https://www.youtube.com/watch?v=0DyQQt0lUfk,,,https://github.com/saintsol/million-fi,,,,,,,,,,Project Presentation,,Pitch Deck,,,,,,,,,,,,,,,,,
Minta,DeFi,,https://www.youtube.com/watch?v=KaLad-plUAA&t=4s,,,https://github.com/AdamSioud/MINTA,,,,,,,,,,Project Presentation,,Pitch Deck,,,,,,,,,,,,,,,,,
Mintaro,DeFi,,,,,https://github.com/mintaroapp/mintaro,,,,,,,,,,Project Presentation,,Pitch Deck,,,,,,,,,,,,,,,,,
Monocle,DeFi,,https://www.loom.com/share/9c0ca1fd05c14da098289e734639e99d,,,https://github.com/Dzonixy/monocle,,,,,,,,,,Project Presentation,,Pitch Deck,,,,,,,,,,,,,,,,,
Monthly Vacation Payments,DeFi,,,,,https://gist.github.com/georgebatalinski/dc206ed8455ff32c3995dab89a432fb7,,,,,,,,,,Project Presentation,,Pitch Deck,,,,,,,,,,,,,,,,,
Moon Pup By Space Vizsla,DeFi,,https://www.youtube.com/watch?v=2BmYxnoBHIg,,,https://github.com/Space-Vizsla/MoonPup-Discord-Bot,,,,,,,,,,Project Presentation,,Pitch Deck,,,,,,,,,,,,,,,,,
Mtn Pay,DeFi,,https://docs.google.com/presentation/d/1J3_uXn-zd_eESx2mYvRSN99R1PXgAzPv1hph3NH2gU0/edit?usp=sharing,,,https://github.com/mtnPay,,,,,,,,,,Project Presentation,,Pitch Deck,,,,,,,,,,,,,,,,,
My Web3 Taxes,DeFi,,https://www.loom.com/share/793b7b2e166646729f6d379340a7c86e,,,https://github.com/karmkhanna/MyWeb3Taxes,,,,,,,,,,Project Presentation,,Pitch Deck,,,,,,,,,,,,,,,,,
N0 L1 K,DeFi,,https://drive.google.com/file/d/1YeecODIEmjQNBZ0vPMrHeMqRU821BqIp/view?usp=sharing,,,https://github.com/chainify/nolik-solana-programs,,,,,,,,,,Project Presentation,,Pitch Deck,,,,,,,,,,,,,,,,,
Nano Byte Token,DeFi,,https://drive.google.com/file/d/116qcVukQKzJsqv9TBD1Qu4qp365R8PM4/view?usp=sharing,,,https://github.com/nanobytetoken,,,,,,,,,,Project Presentation,,Pitch Deck,,,,,,,,,,,,,,,,,
Navdex Xyz,DeFi,,https://drive.google.com/file/d/1OtPI4eTy7Gz0y8Z8DgdUt3JMnNnG9Jic/view?usp=sharing,,,https://github.com/thenavnav/thenavcontracts,,,,,,,,,,Project Presentation,,Pitch Deck,,,,,,,,,,,,,,,,,
Neo,DeFi,,"https://www.neopolis.io/,https://www.neopolis.io/",,,,,,,,,,,,,Project Presentation,,Pitch Deck,,,,,,,,,,,,,,,,,
Neptune,DeFi,,,,,https://github.com/BlockverseFoundation,,,,,,,,,,Project Presentation,,Pitch Deck,,,,,,,,,,,,,,,,,
Netherwave,DeFi,,https://youtu.be/Y_5MKr9VRwA,,,https://github.com/pinetco/crypto-platform,,,,,,,,,,Project Presentation,,Pitch Deck,,,,,,,,,,,,,,,,,
Nft Mixture,DeFi,,https://youtu.be/4rBcNBNx-1U,,,https://github.com/choekko/solana_nft_mixture.git,,,,,,,,,,Project Presentation,,Pitch Deck,,,,,,,,,,,,,,,,,
Nft Pixels,DeFi,,,,,https://github.com/EPNW/riptide_nft_pixels,,,,,,,,,,Project Presentation,,Pitch Deck,,,,,,,,,,,,,,,,,
Nft Rare,DeFi,,"https://hackathoncodesolana.com,https://hackathoncodesolana.com",,,,,,,,,,,,,Project Presentation,,Pitch Deck,,,,,,,,,,,,,,,,,
Nft Vending Machine,DeFi,,,,,https://github.com/mattdeco/nft-vending-machine,,https://twitter.com/mattdeco/status/1490495661149540353,,,,,,,,Project Presentation,,Pitch Deck,,,,,,,,,,,,,,,,,
Nft Sand,DeFi,,,,,https://github.com/fjdslf329427/nft-sand,,,,,,,,,,Project Presentation,,Pitch Deck,,,,,,,,,,,,,,,,,
Nftshare,DeFi,,https://docs.nftshare.fi/summary-of-nftshare,,,https://github.com/Eternal-Dao,,,,,,,,,,Project Presentation,,Pitch Deck,,,,,,,,,,,,,,,,,
Nftshare Fi,DeFi,,https://docs.nftshare.fi/summary-of-nftshare,,,https://github.com/Eternal-Dao,,,,,,,,,,Project Presentation,,Pitch Deck,,,,,,,,,,,,,,,,,
Nifty Pay,DeFi,,https://youtu.be/1qmXZbqWMDw,,,https://github.com/coreyman11/niftypay,,,,,,,,,,Project Presentation,,Pitch Deck,,,,,,,,,,,,,,,,,
Nirvana,DeFi,,https://drive.google.com/file/d/1E2BZQA0IwfsgxRTFkqFiFV0LFozpSAD1/view?usp=sharing,,,https://github.com/nirvanadao/program,,,,,,,,,,Project Presentation,,Pitch Deck,,,,,,,,,,,,,,,,,
No Cap Nf Ts,DeFi,,https://docs.google.com/presentation/d/1XHcmcpUZG6VkbcTUcOvaNSIBQ4PzpkIh/edit?usp=sharing&ouid=105900846726082015482&rtpof=true&sd=true,,,https://github.com/gtihtina/sol_proj,,,,,,,,,,Project Presentation,,Pitch Deck,,,,,,,,,,,,,,,,,
Notariz,DeFi,,https://youtu.be/NCJ3-6iA9r0,,,https://github.com/Notariz,,,,,,,,,,Project Presentation,,Pitch Deck,,,,,,,,,,,,,,,,,
Notifi,DeFi,,https://docs.google.com/presentation/d/1Ib3-qKdCw3udwdqvAwA9pek12kKZkkpafNVrUYtKK8A/edit?usp=sharing,,,https://github.com/notifi-network/notifi-sdk-ts,,,,,,,,,,Project Presentation,,Pitch Deck,,,,,,,,,,,,,,,,,
Oasis Dao,DeFi,,https://drive.google.com/file/d/16hXM-6sRpPW7czqmFYtkrxu8ZjUKw71X/view?usp=sharing,,,https://github.com/Oasis-DAO,,,,,,,,,,Project Presentation,,Pitch Deck,,,,,,,,,,,,,,,,,
Onchain Financial Statements,DeFi,,https://www.youtube.com/watch?v=3mwX3sFjIUg,,,https://github.com/ZYJLiu/account,,,,,,,,,,Project Presentation,,Pitch Deck,,,,,,,,,,,,,,,,,
One Auth,DeFi,,,,,https://github.com/gpathela/OneAuthTrimmed/tree/main/Riptide/,,,,,,,,,,Project Presentation,,Pitch Deck,,,,,,,,,,,,,,,,,
Open News,DeFi,,https://docs.google.com/presentation/d/1qZHl5SzdJL1py63oSdcacguaHR9qz934iq203qEBw2c/edit?usp=drivesdk,,,https://github.com/mohitbaggatech/opennews,,,,,,,,,,Project Presentation,,Pitch Deck,,,,,,,,,,,,,,,,,
Opti Fi,DeFi,,https://docs.google.com/presentation/d/1l4cVDWYuiSy6t3kMJ_Avu4BxcIn1u7Xe/edit?usp=sharing&ouid=106886134084027837369&rtpof=true&sd=true,,,https://github.com/OptiFi-Team/OptiFi_public,,,,,,,,,,Project Presentation,,Pitch Deck,,,,,,,,,,,,,,,,,
Otter Cash,DeFi,,https://www.loom.com/share/21837893e0974ddc8fa83fd002161805,,,https://github.com/otter-cash/otter-cash,,,,,,,,,,Project Presentation,,Pitch Deck,,,,,,,,,,,,,,,,,
Ottr Finance,DeFi,,https://docs.google.com/presentation/d/1M5zHf0ljBCyBG18Mhb5Snk7I02Fz9SYPUFH65X06dTs/edit?usp=sharing,,,https://github.com/lexer/ottr,,,,,,,,,,Project Presentation,,Pitch Deck,,,,,,,,,,,,,,,,,
Parier,DeFi,,https://youtu.be/Ll0Zd5Q6gNo,,,https://github.com/Juiced-Dev/juiced-bets,,,,,,,,,,Project Presentation,,Pitch Deck,,,,,,,,,,,,,,,,,
Patronus Land,DeFi,,https://youtu.be/6QGM_1Nw7_8,,,https://github.com/ExecutePL/solana-patron-support,,,,,,,,,,Project Presentation,,Pitch Deck,,,,,,,,,,,,,,,,,
Pawn Protocol,DeFi,,,,,https://github.com/czConstant/constant-pawn-protocol,,,,,,,,,,Project Presentation,,Pitch Deck,,,,,,,,,,,,,,,,,
Paytex Io,DeFi,,,,,https://github.com/paytex-io/presentation/blob/main/paytex-io_compressed.pdf,,,,,,,,,,Project Presentation,,Pitch Deck,,,,,,,,,,,,,,,,,
People Draw Nfts,DeFi,,https://youtu.be/N32Y1tdR_ZE,,,https://github.com/People-Draw-Nfts,,,,,,,,,,Project Presentation,,Pitch Deck,,,,,,,,,,,,,,,,,
Phoria,DeFi,,https://youtu.be/D7pZdjar8jw,,,https://github.com/mariusbld/riptide,,,,,,,,,,Project Presentation,,Pitch Deck,,,,,,,,,,,,,,,,,
Piggy Fi,DeFi,,https://drive.google.com/file/d/162KnNGujbdKFAr8A8nSdO0BlKP_VnhIl/view,,,https://github.com/orignellc,,,,,,,,,,Project Presentation,,Pitch Deck,,,,,,,,,,,,,,,,,
Pixelnaut Pet Shop,DeFi,,https://docs.google.com/presentation/d/1T7UZN7NLvVEw-SCvrtuY_JNDZ_WqQjL2nythFUHzrSk/edit?usp=sharing,,,https://github.com/fuzzyyeti/pixelnautpets,,,,,,,,,,Project Presentation,,Pitch Deck,,,,,,,,,,,,,,,,,
Pixelnauts Racing Club,DeFi,,,,,https://github.com/nicholas-ewasiuk/pixelnauts-racing-club,,,,,,,,,,Project Presentation,,Pitch Deck,,,,,,,,,,,,,,,,,
Plancian,DeFi,,https://streamable.com/8m004k,,,https://github.com/valentinmadrid/plancian,,,,,,,,,,Project Presentation,,Pitch Deck,,,,,,,,,,,,,,,,,
Playfix,DeFi,,https://playfix.io,,,https://github.com/playfixhq,,,,,,,,,,Project Presentation,,Pitch Deck,,,,,,,,,,,,,,,,,
Play Nft,DeFi,,https://www.playnft.io/PlayNFT_Pitchdeck.pdf,,,https://github.com/EnigmaCEO/playnft,,,,,,,,,,Project Presentation,,Pitch Deck,,,,,,,,,,,,,,,,,
Pocket Pay Finance,DeFi,,https://pocketpay.finance,,,https://github.com/pocketpayfinance,,,,,,,,,,Project Presentation,,Pitch Deck,,,,,,,,,,,,,,,,,
Pogbet,DeFi,,https://drive.google.com/file/d/1aOn6cmsQa5DWK33QrZEQS1L-EStHzHx5/view?usp=sharing,,,https://github.com/bettercorporation,,,,,,,,,,Project Presentation,,Pitch Deck,,,,,,,,,,,,,,,,,
Pool Party,DeFi,,https://vimeo.com/689482345,,,https://github.com/joinpoolparty/NoLossLottery,,,,,,,,,,Project Presentation,,Pitch Deck,,,,,,,,,,,,,,,,,
Portal Swap,DeFi,,https://drive.google.com/file/d/1cVCPchmu8Hl0Io6m2mEFOB0fTQQmJDMI/view?usp=sharing,,,https://github.com/zfy0701/wormhole,,,,,,,,,,Project Presentation,,Pitch Deck,,,,,,,,,,,,,,,,,
Posthuman Ai Network,DeFi,,https://drive.google.com/file/d/19e77VsNTGZysBH-3hYKjFbrW5Z3CP8R5/view?usp=sharing,,,https://github.com/joshuanazareth97/Search2_0.git,,,,,,,,,,Project Presentation,,Pitch Deck,,,,,,,,,,,,,,,,,
Prestij,DeFi,,,,,https://github.com/MarcoF1/WATF,,,,,,,,,,Project Presentation,,Pitch Deck,https://docsend.com/view/f4b69ygxwfzc2s2m,,,,,,,,,,,,,,,,
Primal,DeFi,,https://youtu.be/AGHbuW6Zth4,,,https://github.com/harshasomisetty/primal,,,,,,,,,,Project Presentation,,Pitch Deck,,,,,,,,,,,,,,,,,
Prophet,DeFi,,https://docs.google.com/presentation/d/1fZOECXHv91AajJ1r8u7zwGOqgNZE7efaeH93I335v5E/edit?usp=sharing,,,https://github.com/prophet-finance/prophet-protocol,,,,,,,,,,Project Presentation,,Pitch Deck,,,,,,,,,,,,,,,,,
Props,DeFi,,https://www.youtube.com/watch?v=d9u7ENUU9lo,,,https://github.com/kblumberg/props-protocol,,,,,,,,,,Project Presentation,,Pitch Deck,,,,,,,,,,,,,,,,,
Pryzo Influencer Platform,DeFi,,https://www.loom.com/share/81022903a1ae4c7d8be8fa2166ecd48e,,,https://github.com/infinityfish/pryzo,,,,,,,,,,Project Presentation,,Pitch Deck,,,,,,,,,,,,,,,,,
Q Pools,DeFi,,https://youtu.be/T0Oh2-PqTEs,,,https://github.com/chainbonds/,,,,,,,,,,Project Presentation,,Pitch Deck,,,,,,,,,,,,,,,,,
Quilt,DeFi,,,,,https://github.com/quilt-dao/quilt-solana,,,,,,,,,,Project Presentation,,Pitch Deck,,,,,,,,,,,,,,,,,
Qwestive,DeFi,,https://www.youtube.com/watch?v=94loMQ_xzHc,,,https://github.com/Qwestive,,,,,,,,,,Project Presentation,,Pitch Deck,,,,,,,,,,,,,,,,,
R3 Nt,DeFi,,"https://gitlab.com/PlaygroundSDC/r3nt,https://docs.google.com/presentation/d/1YuweGvymnaA3KBq3VVsULC5H3-fmiWs2rS0Tr8HL5AM/edit?usp=sharing",,,,,,,,,,,,,Project Presentation,,Pitch Deck,,,,,,,,,,,,,,,,,
Race Poker,DeFi,,https://youtu.be/UxkxrEYn1GA,,,https://github.com/orgs/RACE-Game,,,,,,,,,,Project Presentation,,Pitch Deck,,,,,,,,,,,,,,,,,
Radiant Pay,DeFi,,,,,https://github.com/travisseh/radiant-wallet-backend,,,,,,,,,,Project Presentation,,Pitch Deck,,,,,,,,,,,,,,,,,
Ramudroid V8,DeFi,,https://youtu.be/UDFjFlcZjJg,,,https://github.com/Ramudroid,,,,,,,,,,Project Presentation,,Pitch Deck,,,,,,,,,,,,,,,,,
Ratoon,DeFi,,"https://n.a,https://drive.google.com/file/d/1D1hAZYi__pvy7-CwegU_y-LhFP05hojw/view?usp=sharing",,,,,,,,,,,,,Project Presentation,,Pitch Deck,,,,,,,,,,,,,,,,,
Reactor Wallet,DeFi,,,,,https://github.com/marc2332/reactor-wallet#-features,,,,,,,,,,Project Presentation,,Pitch Deck,,,,,,,,,,,,,,,,,
Read On,DeFi,,https://youtu.be/i49fKpR0QRY,,,https://github.com/ReadON-SOL,,,,,,,,,,Project Presentation,,Pitch Deck,,,,,,,,,,,,,,,,,
Reality Coin,DeFi,,https://vimeo.com/689437311?embedded=true&source=video_title&owner=169815783,,,https://github.com/awcchungster/realitycoin_riptide_hackathon,,,,,,,,,,Project Presentation,,Pitch Deck,,,,,,,,,,,,,,,,,
Refund Ledger,DeFi,,,,,https://github.com/alfre97-RefundLedger/RefundLedger,,,,,,,,,,Project Presentation,,Pitch Deck,,,,,,,,,,,,,,,,,
Rogue Star,DeFi,,https://www.youtube.com/watch?v=aId9QQ0mjek,,,https://We-dont-use-github-We-use-plastic-SCM.com,,,,,,,,,,Project Presentation,,Pitch Deck,,,,,,,,,,,,,,,,,
Round Table,DeFi,,https://www.youtube.com/watch?v=0tVLbWkLuBw,,,https://github.com/mike7c2/round-table,,,,,,,,,,Project Presentation,,Pitch Deck,,,,,,,,,,,,,,,,,
Rove,DeFi,,,,,https://github.com/rove-to/solana-smart-contracts,,,,,,,,,,Project Presentation,,Pitch Deck,,,,,,,,,,,,,,,,,
Rush Hour Club,DeFi,,,,,https://github.com/Producenftguy,,,,,,,,,,Project Presentation,,Pitch Deck,,,,,,,,,,,,,,,,,
Saifu Wallet,DeFi,,https://www.youtube.com/watch?v=riPTjt19Iz0,,,https://github.com/saifuwallet/solana-wallet,,,,,,,,,,Project Presentation,,Pitch Deck,,,,,,,,,,,,,,,,,
Sain Tx Dmon,DeFi,,https://youtube.com/shorts/K5-YrhuZWoY?feature=share,,,,https://saintxdmon.gitbook.io/whitepaper/,,,,,,,,,Project Presentation,,Pitch Deck,,,,,,,,,,,,,,,,,
Salmon Wallet,DeFi,,,,,https://github.com/salmonw/salmon-wallet,,,,,,,,,,Project Presentation,,Pitch Deck,,,,,,,,,,,,,,,,,
Salsa,DeFi,,https://drive.google.com/file/d/1_XfwFj9TqF5uW40x0uIOtdqIPf2nne5L/view?usp=sharing,,,https://github.com/mhardisty/salsa,,,,,,,,,,Project Presentation,,Pitch Deck,,,,,,,,,,,,,,,,,
Sapien News,DeFi,,https://docs.google.com/document/d/1iaNudzBvesqqe1fZBsdHjk7pPJ2DaZTDyQMLKmXeSko/edit?usp=sharing,,,https://github.com/Sapien-news,,,,,,,,,,Project Presentation,,Pitch Deck,,,,,,,,,,,,,,,,,
Scale Protocol,DeFi,,https://docs.google.com/presentation/d/1cFawWZLkzGYS3-Vlkgut2HjoTyLJVukv2OnPTa-88ro/edit?usp=sharing,,,https://github.com/ScaleProtocol/Dev.git,,,,,,,,,,Project Presentation,,Pitch Deck,,,,,,,,,,,,,,,,,
Scour,DeFi,,https://docs.google.com/presentation/d/1Hv2QBI60nstNQCwoe4rQdKsqPG_LgolHLU98Aa7ftlE/edit?usp=sharing,,,https://github.com/ryannorton/scour-api,,,,,,,,,,Project Presentation,,Pitch Deck,,,,,,,,,,,,,,,,,
Scribble Town,DeFi,,https://docs.google.com/presentation/d/1BN6jEdaOki92xva2BMhvPd35xzCEBFn2FvGgU_sVu2g,,,https://github.com/blockbasedev/scribble-town-sol,,,,,,,,,,Project Presentation,,Pitch Deck,,,,,,,,,,,,,,,,,
Seafare V Dex,DeFi,,https://vdexai.xyz/vDEX_Litepaper.pdf,,,https://github.com/lumos-defi/dex_programs,,,,,,,,,,Project Presentation,,Pitch Deck,,,,,,,,,,,,,,,,,
Secure Portable File Spf,DeFi,,https://drive.google.com/file/d/17qo3MGNVyv-a4g1r0tjH938B0ppOEtWF/view?usp=sharing,,,https://github.com/LVM-org,,,,,,,,,,Project Presentation,,Pitch Deck,,,,,,,,,,,,,,,,,
Sentre,DeFi,,https://youtu.be/yQTxy1QIt-I,,,https://github.com/DescartesNetwork/senhub,,,,,,,,,,Project Presentation,,Pitch Deck,,,,,,,,,,,,,,,,,
Serum Splitter,DeFi,,,,,https://github.com/mccjul/lada-splitter,,,,,,,,,,Project Presentation,,Pitch Deck,,,,,,,,,,,,,,,,,
Servim,DeFi,,"https://bitbucket.org/rebbycodes/servimapp/src/master/,https://docs.google.com/presentation/d/1xtJsOk5JNEkYNUrw3y9HmCdsCKERb-ekYsQcxYRMSq8/edit?usp=sharing",,,,,,,,,,,,,Project Presentation,,Pitch Deck,,,,,,,,,,,,,,,,,
Shachess,DeFi,,https://docs.google.com/presentation/d/1dORgn8xr56RlMAs3iuyt5P-7zgR7Rd4g61Wl9FHqX1U/edit?usp=sharing,,,https://github.com/armk51/moon_chess,,,,,,,,,,Project Presentation,,Pitch Deck,,,,,,,,,,,,,,,,,
Sharky Fi,DeFi,,https://www.loom.com/share/14100ff0636f4e9bbb7a8f8bb6e805a2,,,https://github.com/SharkyFi/sharky/tree/av/riptide-demo,,,,,,,,,,Project Presentation,,Pitch Deck,,,,,,,,,,,,,,,,,
Sibe,DeFi,,https://drive.google.com/file/d/1ZsZmZZUqcRcfVCGuY0g44PpAUhT0VCU5/view?usp=sharing,,,https://github.com/sibe-finance,,,,,,,,,,Project Presentation,,Pitch Deck,,,,,,,,,,,,,,,,,
Sidechain,DeFi,,,,,,,,,,,,,,,Project Presentation,,Pitch Deck,https://docsend.com/view/wqn59qwkmtvf4s2n,,,,,,,,,,,,,,,,
Sign In With Solana,DeFi,,https://youtu.be/AiOxe_V6Hig,,,https://github.com/credix-finance/solana-sign-in-hackathon,,,,,,,,,,Project Presentation,,Pitch Deck,,,,,,,,,,,,,,,,,
Simpledex,DeFi,,https://docs.google.com/presentation/d/1k2PEVY2YAU8f_7xUrL40eMW96UzCwrfL7FwmgOWvFEE/edit?usp=sharing,,,https://github.com/billythedummy/simpledex,,,,,,,,,,Project Presentation,,Pitch Deck,,,,,,,,,,,,,,,,,
Sleague,DeFi,,,,,https://github.com/Sleague/sleague-mutilsig,,,,,,,,,,Project Presentation,,Pitch Deck,https://docsend.com/view/wanri2tusdf3t3v6,,,,,,,,,,,,,,,,
Slide,DeFi,,https://youtu.be/TQkJdjiPrS0,,,https://github.com/emdoyle/slide-programs,,,,,,,,,,Project Presentation,,Pitch Deck,,,,,,,,,,,,,,,,,
Sniola,DeFi,,https://launchpad.sniola.art/video,,,https://github.com/sniola,,,,,,,,,,Project Presentation,,Pitch Deck,,,,,,,,,,,,,,,,,
Soce Https Soce Io,DeFi,,"https://gitlab.com/soce-group/soce-riptide,https://soce.io/Soce_Solana_Riptide.pdf",,,,,,,,,,,,,Project Presentation,,Pitch Deck,,,,,,,,,,,,,,,,,
Soda Protocol,DeFi,,,,,https://github.com/soda-protocol/,,,,,,,,,,Project Presentation,,Pitch Deck,https://docsend.com/view/iqcys2purd5h5kdi,,,,,,,,,,,,,,,,
Soh Cool,DeFi,,https://drive.google.com/file/d/1N_e3sPoWgkQuf6OzQg9oeli06sh71DkZ/view?usp=sharing,,,https://github.com/soh-cool/soh-dev,,,,,,,,,,Project Presentation,,Pitch Deck,,,,,,,,,,,,,,,,,
Sol Glyph The First Deep Learning Smart Contract,DeFi,,https://demo.sol-glyph.com/,,,https://github.com/timeemit/sol-glyph,,,,,,,,,,Project Presentation,,Pitch Deck,,,,,,,,,,,,,,,,,
Sol Protection,DeFi,,"https://protectyoursol-fxh8pw26d-fruitypineapple.vercel.app/,https://protectyoursol-fxh8pw26d-fruitypineapple.vercel.app/",,,,,,,,,,,,,Project Presentation,,Pitch Deck,,,,,,,,,,,,,,,,,
Sol Sniper,DeFi,,"https://solsniper.xyz,https://solsniper.xyz",,,,,,,,,,,,,Project Presentation,,Pitch Deck,,,,,,,,,,,,,,,,,
Sol Loyalty Com Solana Loyalty Program Integrated With Shopify,DeFi,,https://docs.google.com/presentation/d/1HGYGz707fb5s-aigBmO1E5BIMlMA7R1lWIcTPpi7f04/edit#slide=id.gd0d356cff0_1_0,,,https://github.com/BSSCommerce/sol-loyalty-integrated-shopify,,,,,,,,,,Project Presentation,,Pitch Deck,,,,,,,,,,,,,,,,,
Sol Mailer,DeFi,,"https://gitlab.com/alphaticks/sol-mailer,https://gitlab.com/alphaticks/sol-mailer/-/blob/master/slides/hackaton-sol-mailer.pdf",,,,,,,,,,,,,Project Presentation,,Pitch Deck,,,,,,,,,,,,,,,,,
Solactivity,DeFi,,https://docs.google.com/presentation/d/1gZa2pWC3Ie3_NB2Z89-Avf2vIVPOZntJwY0bJI1VQu0,,,https://github.com/zarex5/Solactivity,,,,,,,,,,Project Presentation,,Pitch Deck,,,,,,,,,,,,,,,,,
Sol Afrique,DeFi,,https://youtu.be/N76TsQxOQp8,,,https://github.com/IKalonji/SolAfrique,,,,,,,,,,Project Presentation,,Pitch Deck,,,,,,,,,,,,,,,,,
Solaire Network Solaire,DeFi,,"https://gitlab.com/waleed.saifi/solaire,https://www.youtube.com/watch?v=RDmOXwbHuAc",,,,,,,,,,,,,Project Presentation,,Pitch Deck,,,,,,,,,,,,,,,,,
Solana Autochess,DeFi,,https://docs.google.com/presentation/d/1axKk_igQxmmY0uds7E8gR1rlUF-yJiez0N2pklFVWng/edit?usp=sharing,,,https://github.com/zhvng/sol-autochess,,,,,,,,,,Project Presentation,,Pitch Deck,,,,,,,,,,,,,,,,,
Solana Beach 22,DeFi,,https://marketplace.visualstudio.com/items?itemName=zfedoran.solanabeach-vscode,,,https://github.com/zfedoran/solanabeach-vscode,,,,,,,,,,Project Presentation,,Pitch Deck,,,,,,,,,,,,,,,,,
Solana Cash Powered By Coin Fx,DeFi,,,,,https://github.com/CFXLabsInc/cfx-solanapay,,,,,,,,,,Project Presentation,,Pitch Deck,,,,,,,,,,,,,,,,,
Solana Circom Verifier,DeFi,,,,,https://github.com/piotr-roslaniec/solana-riptide-2022,,,,,,,,,,Project Presentation,,Pitch Deck,,,,,,,,,,,,,,,,,
Solana Clicker,DeFi,,https://solana-clicker.decentree.com/,,,https://github.com/Decentree/solana-clicker,,,,,,,,,,Project Presentation,,Pitch Deck,,,,,,,,,,,,,,,,,
Solana Education Retail,DeFi,,"https://www.google.com,https://youtu.be/-aAQm21GluE",,,,,,,,,,,,,Project Presentation,,Pitch Deck,,,,,,,,,,,,,,,,,
Solana Lottery Program,DeFi,,https://drive.google.com/file/d/1xeL7G_9g8-00DDa1dQc1-wV79nsoPEsv/view?usp=sharing,,,https://github.com/jackrieck/solana-lottery-program,,,,,,,,,,Project Presentation,,Pitch Deck,,,,,,,,,,,,,,,,,
Solana Mall,DeFi,,https://docs.google.com/presentation/d/1n38nD4kTD-T25FN2vbvMQNMJmgjnK4kdsMqLuDpizE0/edit?usp=sharing,,,https://github.com/thevinci/solana-mall,,,,,,,,,,Project Presentation,,Pitch Deck,,,,,,,,,,,,,,,,,
Solana Mobile Pay,DeFi,,http://www.kikenn.com,,,https://github.com/AaronSmart/SolanaAppWallet,,,,,,,,,,Project Presentation,,Pitch Deck,,,,,,,,,,,,,,,,,
Solana Multisend Airdropper,DeFi,,https://multisend.solnettools.com/,,,https://github.com/Solid8/solnettools-multisender,,,,,,,,,,Project Presentation,,Pitch Deck,,,,,,,,,,,,,,,,,
Solana Pay Robotic Coffee Shop,DeFi,,https://vimeo.com/689552594,,,https://github.com/eden-shen/YummyFutureSolanaPay/,,,,,,,,,,Project Presentation,,Pitch Deck,,,,,,,,,,,,,,,,,
Solana Playground,DeFi,,https://youtu.be/j_qmHoHy-uI,,,https://github.com/Solana-Playground-Labs/solana-playground-app,,,,,,,,,,Project Presentation,,Pitch Deck,,,,,,,,,,,,,,,,,
Solana Travel By Xeni,DeFi,,,,,https://github.com/xeni-app/solana-travel/tree/main,,,,,,,,,,Project Presentation,,Pitch Deck,,,,,,,,,,,,,,,,,
Solana Tools,DeFi,,,,,https://github.com/cryptoloutre/solana-tools,,,,,,,,,,Project Presentation,,Pitch Deck,,,,,,,,,,,,,,,,,
Solana Cash Powered By Coin Fx 1,DeFi,,https://docs.google.com/presentation/d/1mkDsIji5nlbSQk0U3CdC1NdeW_qsnAmXb8XY9yUm8tU/edit?usp=sharing,,,https://github.com/CFXLabsInc/cfx-solanapay,,,,,,,,,,Project Presentation,,Pitch Deck,,,,,,,,,,,,,,,,,
Solana Cc,DeFi,,,,,https://github.com/Bltzo/solana-cc-frontend,,,,,,,,,,Project Presentation,,Pitch Deck,,,,,,,,,,,,,,,,,
Solana Fm Explorer,DeFi,,https://explorer-psi.vercel.app/,,,https://github.com/solana-fm/solana-explorer,,,,,,,,,,Project Presentation,,Pitch Deck,,,,,,,,,,,,,,,,,
Solana Publish,DeFi,,https://www.youtube.com/watch?v=bPJAVdwkchg,,,https://github.com/UuqV/solana-paywall-demo,,,,,,,,,,Project Presentation,,Pitch Deck,,,,,,,,,,,,,,,,,
Solantasy,DeFi,,"https://gitlab.com/solantasy/solantasy_project,https://youtu.be/Ylge-kr8INU",,,,,,,,,,,,,Project Presentation,,Pitch Deck,,,,,,,,,,,,,,,,,
Solapups Com,DeFi,,"https://solapuppy.com,https://solapuppy.com",,,,,,,,,,,,,Project Presentation,,Pitch Deck,,,,,,,,,,,,,,,,,
Solareum,DeFi,,https://docs.google.com/presentation/d/13zt1Oh5fryqhUcMCXwMN4loaigUV4eTG/edit#slide=id.p1,,,https://github.com/solareum-app?fbclid=IwAR0orNVSWU8InQGN_dgQJgY-fcQblGDvN20XreZQQKhQdjT_r-tV4bEb_6c,,,,,,,,,,Project Presentation,,Pitch Deck,,,,,,,,,,,,,,,,,
Solaris,DeFi,,https://aether-image.s3.amazonaws.com/ripride-solaris.mp4,,,https://github.com/alstroemeria/solaria,,,,,,,,,,Project Presentation,,Pitch Deck,,,,,,,,,,,,,,,,,
Solaris Automations,DeFi,,https://drive.google.com/file/d/1phZ2PItAwSJoK42E8Rj8NyOnLy4cR4wH/view?usp=sharing,,,https://github.com/solaris-protocol/solaris-automations,,,,,,,,,,Project Presentation,,Pitch Deck,,,,,,,,,,,,,,,,,
Solarity,DeFi,,https://docs.google.com/presentation/d/1spiuoH6BaPn6mKbLzOZTQFdceB4f_Et5qFUfAR70HHY/edit?usp=sharing,,,https://github.com/SolarityVR,,,,,,,,,,Project Presentation,,Pitch Deck,,,,,,,,,,,,,,,,,
Sol Bucks,DeFi,,https://docs.google.com/presentation/d/1gtLIxufXRx_HDxtSe2F0pkRYn92wNI2rWSUk-Sp6qZQ/edit?usp=sharing,,,https://github.com/solbucks/Solana-Riptide,,,,,,,,,,Project Presentation,,Pitch Deck,,,,,,,,,,,,,,,,,
Sold It,DeFi,,https://docs.google.com/presentation/d/1asrNOLy5iZFcXo7ZfCEQ1XlcRI53qFgl/edit#slide=id.p1,,,https://github.com/soldit/riptide,,,,,,,,,,Project Presentation,,Pitch Deck,,,,,,,,,,,,,,,,,
Sol Defender,DeFi,,https://www.beautiful.ai/player/-MyQmZUyEeSChn-5asSe/SolDefender,,,https://github.com/solens-labs/solens,,,,,,,,,,Project Presentation,,Pitch Deck,,,,,,,,,,,,,,,,,
Solearn,DeFi,,https://vimeo.com/689282575,,,https://github.com/vcidst/solearn,,,,,,,,,,Project Presentation,,Pitch Deck,,,,,,,,,,,,,,,,,
Solens,DeFi,,https://www.beautiful.ai/player/-MrZrn-fBJNFkLDx4loK,,,https://github.com/solens-labs/solens,,,,,,,,,,Project Presentation,,Pitch Deck,,,,,,,,,,,,,,,,,
Solfans Of For,DeFi,,https://bit.ly/solfans_deck,,,https://github.com/maddionatoplus/solana-of,,,,,,,,,,Project Presentation,,Pitch Deck,,,,,,,,,,,,,,,,,
Solfol Io,DeFi,,,,,https://github.com/ymrah/solfolio,,,,,,,,,,Project Presentation,,Pitch Deck,,,,,,,,,,,,,,,,,
Sol Gamba,DeFi,,https://www.solgamba.com/,,,,,,,,,,,,,Project Presentation,,Pitch Deck,,,,,,,,,,,,,,,,,
Solily Protocol,DeFi,,,,,https://github.com/solilyprotocol,,,,,,,,,,Project Presentation,,Pitch Deck,,,,,,,,,,,,,,,,,
Sollama,DeFi,,https://drive.google.com/file/d/19kkQHCJGpH_c_nzwuRVhSRujO0Y4rC7A/view?usp=sharing,,,https://github.com/michals92/sollama-ios,,,,,,,,,,Project Presentation,,Pitch Deck,,,,,,,,,,,,,,,,,
Sol Mints,DeFi,,https://www.youtube.com/watch?v=OM69VvU2FQE&feature=youtu.be,,,https://github.com/dragochar/daospot,,,,,,,,,,Project Presentation,,Pitch Deck,,,,,,,,,,,,,,,,,
Solpay,DeFi,,https://drive.google.com/file/d/1jvCg5mCLJdjhnxI3JuzRttS9d0XwozZv/view?usp=sharing,,,https://github.com/awesomeAB/solpay,,,,,,,,,,Project Presentation,,Pitch Deck,,,,,,,,,,,,,,,,,
Solpay Store,DeFi,,https://vimeo.com/solpay,,,https://github.com/soma-labs/solana-pay-woocommerce-gateway,,,,,,,,,,Project Presentation,,Pitch Deck,,,,,,,,,,,,,,,,,
Sol Payments,DeFi,,,,,https://github.com/sekmet/SolPayments,,,,,,,,,,Project Presentation,,Pitch Deck,,,,,,,,,,,,,,,,,
Sol Race,DeFi,,,,,https://github.com/palsp/solrace,,,,,,,,,,Project Presentation,,Pitch Deck,,,,,,,,,,,,,,,,,
Sol Scatter,DeFi,,https://ipfs.infura.io/ipfs/QmUPJeSK4rsLXNazPTrgLL3NHmxgnsQWCY3xxDmiZ3Bj1H,,,https://github.com/qapquiz/solscatter,,,,,,,,,,Project Presentation,,Pitch Deck,,,,,,,,,,,,,,,,,
Solspace Wallet,DeFi,,,,,https://github.com/billyjacoby/solspace-wallet-ios/tree/landscape-support,,https://twitter.com/jupeTheDev/status/1502472661368291329?s=20&t=pZVxsNisbZLwOPg_nqdniw,,,,,,,,Project Presentation,,Pitch Deck,,,,,,,,,,,,,,,,,
Solsponsor,DeFi,,,,,https://github.com/jinspe/riptide-solsponsor-frontend,,,,,,,,,,Project Presentation,,Pitch Deck,,,,,,,,,,,,,,,,,
Solspot,DeFi,,https://www.youtube.com/watch?v=Juy_899AWgc,,,https://github.com/byronmoore04/SolSpot-Client,,,,,,,,,,Project Presentation,,Pitch Deck,,,,,,,,,,,,,,,,,
Solstice Pay,DeFi,,"https://gitlab.com/solsticepay/solsticepay,https://www.youtube.com/watch?v=_A5QWId7dcU",,,,,,,,,,,,,Project Presentation,,Pitch Deck,,,,,,,,,,,,,,,,,
Sol Store,DeFi,,https://www.youtube.com/watch?v=wBzbrneEUvU&ab_channel=PratikSaria,,,https://github.com/riptide-solStore,,,,,,,,,,Project Presentation,,Pitch Deck,,,,,,,,,,,,,,,,,
Solstory,DeFi,,https://docs.google.com/presentation/d/1ngIW9LyjYYHuUMTwQSthNWsVB69D-HVZ22kzKKVNsiU/edit?usp=sharing,,,https://github.com/solstoryorg/solstory,,,,,,,,,,Project Presentation,,Pitch Deck,,,,,,,,,,,,,,,,,
Solstream,DeFi,,https://youtu.be/SnNyCBWyJAc,,,https://github.com/sol-blockstream/solstream,,,,,,,,,,Project Presentation,,Pitch Deck,,,,,,,,,,,,,,,,,
Soltery,DeFi,,https://www.youtube.com/watch?v=4ciSlg_2eVk,,,http://github.com/syabro/soltery,,,,,,,,,,Project Presentation,,Pitch Deck,,,,,,,,,,,,,,,,,
Solvibe,DeFi,,https://youtu.be/5_4f64o0Xi0,,,https://github.com/solvibelabs/vibe-social-programs,,,,,,,,,,Project Presentation,,Pitch Deck,,,,,,,,,,,,,,,,,
So Move,DeFi,,https://docs.google.com/presentation/d/1UvUE3LDN6-5e_vnhBYoxiJU6sQHrvVGvTqf3fz-8uYQ/edit?usp=sharing,,,https://github.com/SpacialVision/SoMove,,,,,,,,,,Project Presentation,,Pitch Deck,,,,,,,,,,,,,,,,,
Song Rise,DeFi,,https://youtu.be/XnY4-kasjXg,,,https://github.com/basscube,,,,,,,,,,Project Presentation,,Pitch Deck,,,,,,,,,,,,,,,,,
Sound Wave Music Royalties,DeFi,,https://www.youtube.com/watch?v=kKrujxw91Ks,,,https://github.com/lucylow/soundwave,,,,,,,,,,Project Presentation,,Pitch Deck,,,,,,,,,,,,,,,,,
Sound Wave Music Royalties 1,DeFi,,https://youtu.be/o8TPgW-KQj0,,,https://github.com/lucylow/soundwave,,,,,,,,,,Project Presentation,,Pitch Deck,,,,,,,,,,,,,,,,,
Spool,DeFi,,,,,https://github.com/spool-hq,,,,,,,,,,Project Presentation,,Pitch Deck,,,,,,,,,,,,,,,,,
Sports Gaming,DeFi,,https://www.youtube.com/watch?v=Sy1KRASSNy8,,,https://github.com/amilz/madness,,,,,,,,,,Project Presentation,,Pitch Deck,,,,,,,,,,,,,,,,,
Star Map,DeFi,,https://docs.google.com/presentation/d/18SFfpWAvNPfuASuZi191L4u0RbunTaut7Q7hK8KLwCE/edit?usp=sharing,,,https://github.com/solauto/starmap-api,,,,,,,,,,Project Presentation,,Pitch Deck,,,,,,,,,,,,,,,,,
Strangemood,DeFi,,https://www.youtube.com/watch?v=PEpMzL0eGqo,,,https://github.com/strangemoodfoundation/strangemood,,,,,,,,,,Project Presentation,,Pitch Deck,,,,,,,,,,,,,,,,,
Strata Launchpad,DeFi,,https://youtu.be/xZUhb06JKM0,,,https://github.com/StrataFoundation/strata/tree/master/packages/marketplace-ui,,,,,,,,,,Project Presentation,,Pitch Deck,,,,,,,,,,,,,,,,,
Stream It,DeFi,,https://www.youtube.com/watch?v=0Q_eStFJtiM,,,https://github.com/crypto-kira/streamit,,,,,,,,,,Project Presentation,,Pitch Deck,,,,,,,,,,,,,,,,,
Stream Money,DeFi,,https://docs.google.com/presentation/d/1fA-Vuxin8vF0Z3mmqW-loyI9d14YeTsC/edit?usp=sharing&ouid=100113422598547654530&rtpof=true&sd=true,,,https://github.com/piyush-chittara/streammoney-smartcontract,,,,,,,,,,Project Presentation,,Pitch Deck,,,,,,,,,,,,,,,,,
Strike Solana Wallet,DeFi,,https://strike.egnyte.com/dl/pxjfPHaLo3,,,https://github.com/StrikeProtocols/strike-solana-wallet,,,,,,,,,,Project Presentation,,Pitch Deck,,,,,,,,,,,,,,,,,
Struct Capital,DeFi,,https://youtu.be/DMCdGwF2RjY,,,https://github.com/kobbad/struct,,,,,,,,,,Project Presentation,,Pitch Deck,,,,,,,,,,,,,,,,,
Subber,DeFi,,,,,https://github.com/robbierogers/subber-web,,,,,,,,,,Project Presentation,,Pitch Deck,,,,,,,,,,,,,,,,,
Super Store,DeFi,,,,,https://github.com/super-system-super-store,,,,,,,,,,Project Presentation,,Pitch Deck,,,,,,,,,,,,,,,,,
Surf House Dao,DeFi,,"https://www.surfhousedao.com/,https://drive.google.com/file/d/1Il88D4ylRQ4dPFa7KxSAUC5BTNVOiUcb/view?usp=sharing",,,,,,,,,,,,,Project Presentation,,Pitch Deck,,,,,,,,,,,,,,,,,
Sypool Protocol,DeFi,,,,,https://github.com/SypoolProtocol,https://sypool-protocol.gitbook.io/welcome-to-sypool/,,,,,,,,,Project Presentation,,Pitch Deck,,,,,,,,,,,,,,,,,
Taka,DeFi,,,,,https://github.com/Takaprotocol-DAO,,,,,,,,,,Project Presentation,,Pitch Deck,,,,,,,,,,,,,,,,,
Temp Wallet,DeFi,,https://www.figma.com/proto/8h2VeoICFyQap8F1q14GMW/TempWallet?page-id=0%3A1&node-id=2%3A529&viewport=241%2C48%2C0.08&scaling=min-zoom&starting-point-node-id=2%3A529,,,https://github.com/danielkhoo/TempWallet,,,,,,,,,,Project Presentation,,Pitch Deck,,,,,,,,,,,,,,,,,
Tensai Finance,DeFi,,https://www.youtube.com/watch?v=W78Gqf8uIfQ,,,https://github.com/yvesshum/solanadata,,,,,,,,,,Project Presentation,,Pitch Deck,,,,,,,,,,,,,,,,,
Tensor Nft Pricing Protocol On Solana,DeFi,,https://www.youtube.com/watch?v=eT-jRWKdLp4,,,https://github.com/tensor-hq,,,,,,,,,,Project Presentation,,Pitch Deck,,,,,,,,,,,,,,,,,
Than X Finance,DeFi,,"https://www.figma.com/proto/N4IWesMuhR6ythuKAp36V1/ThanX---Prototype?page-id=1%3A26&node-id=17%3A7282&viewport=1559%2C-467%2C0.417561799287796&scaling=scale-down&starting-point-node-id=17%3A7282&show-proto-sidebar=1,https://docs.google.com/presentation/d/1K4G35OOE1C-ze3K9U1EGcKIJ3vzK5942/edit?usp=sharing&ouid=109071236279912432550&rtpof=true&sd=true",,,,,,,,,,,,,Project Presentation,,Pitch Deck,,,,,,,,,,,,,,,,,
The Privacy Layer For Solana,DeFi,,https://docs.google.com/presentation/d/1rayJSBSVReDiDnqb8jCopk16R1EgzM67mcgorFRtUSc/edit#slide=id.g11def83b78e_0_0,,,https://github.com/incognitochain/solana-bridge,,,,,,,,,,Project Presentation,,Pitch Deck,,,,,,,,,,,,,,,,,
The Swap Dao,DeFi,,https://docs.google.com/presentation/d/13WmOqQoBNrJHMDWYH4LHOU224VDdUnaNPFkBfXz0Hjw/edit?usp=sharing,,,https://github.com/whamsicore/theswapdao,,,,,,,,,,Project Presentation,,Pitch Deck,,,,,,,,,,,,,,,,,
The Wordcels,DeFi,,,,,https://github.com/wordcels/wordcels-programs/tree/main/presentations,,,,,,,,,,Project Presentation,,Pitch Deck,,,,,,,,,,,,,,,,,
Tip Link,DeFi,,,,,https://github.com/wisefool769/tiplink,,,,,,,,,,Project Presentation,,Pitch Deck,,,,,,,,,,,,,,,,,
Titan Analytics,DeFi,,https://www.youtube.com/watch?v=k2ODoPTZkoM,,,https://github.com/Titan-Analytics/app,,,,,,,,,,Project Presentation,,Pitch Deck,,,,,,,,,,,,,,,,,
Tokenitis,DeFi,,https://something.com?couldnotmakeitintimeforsubmission-alinkwillbeavailableonthewebsitewhenyoucheckthisSorry!,,,https://github.com/shravanshetty1/tokenitis,,,,,,,,,,Project Presentation,,Pitch Deck,,,,,,,,,,,,,,,,,
Tokr Protocol,DeFi,,,,,https://github.com/orgs/TOKR-labs/repositories/,https://files.gitbook.com/v0/b/gitbook-x-prod.appspot.com/o/spaces%2FcbSocjltdAO6n8LlEvH6%2Fuploads%2FDqTJND40cRiy3HrDJACb%2FTokr%20Riptide%20Deck.pdf?alt=media&token=38cf40e3-a421-4e09-94ed-8110a8ef2181,,,,,,,,,Project Presentation,,Pitch Deck,,,,,,,,,,,,,,,,,
Toktel Premium Access Nft Marketplace,DeFi,,https://drive.google.com/file/d/1DzXUCcQz9dlUgRI5fPkZd6SmuUbxlX-7/view?usp=sharing,,,https://github.com/0xPratik/CJ,,,,,,,,,,Project Presentation,,Pitch Deck,,,,,,,,,,,,,,,,,
Tonana,DeFi,,,,,https://github.com/tonanabridge/tonana-app,,,,,,,,,,Project Presentation,,Pitch Deck,,,,,,,,,,,,,,,,,
Trade Mango,DeFi,,https://vimeo.com/689529079,,,https://github.com/globalliquidity/trade-mango-ui,,,,,,,,,,Project Presentation,,Pitch Deck,,,,,,,,,,,,,,,,,
Transparent Nf Ts,DeFi,,https://youtu.be/IxUaxo2egcY,,,https://github.com/ratalie/TransparentNFTs,,,,,,,,,,Project Presentation,,Pitch Deck,,,,,,,,,,,,,,,,,
Trdelnik,DeFi,,,,,https://github.com/Ackee-Blockchain/trdelnik,,,,,,,,,,Project Presentation,,Pitch Deck,,,,,,,,,,,,,,,,,
Trip Drop,DeFi,,https://www.icloud.com/keynote/024GTfMv8PmvRPJaLKMX0qEGw#TripDrop_Deck,,,https://github.com/Suiteness/metaplex,,,,,,,,,,Project Presentation,,Pitch Deck,,,,,,,,,,,,,,,,,
True Pari,DeFi,,,,,https://github.com/unordered-set/bs-contract/blob/main/src/program-rust/src/lib.rs,,,,,,,,,,Project Presentation,,Pitch Deck,,,,,,,,,,,,,,,,,
Truth Sign,DeFi,,https://ipfs.zod.tv/ipfs/QmXR9HjxMcz9S8mrX7aAqWH9XcZGkcwaJb7P6Ysa2FdmJs,,,https://github.com/zodtv/truth,,,,,,,,,,Project Presentation,,Pitch Deck,,,,,,,,,,,,,,,,,
Tweet Pay,DeFi,,https://www.youtube.com/watch?v=PD_2G9BxSBA,,,https://github.com/evanmarshall/paytweet,,,,,,,,,,Project Presentation,,Pitch Deck,,,,,,,,,,,,,,,,,
U Key,DeFi,,https://drive.google.com/file/d/1t0mD5Ii5CVdyjOltKeTeM6ScUpaOdNNl/view?usp=sharing,,,https://github.com/protonsvc/ukey-console,,,,,,,,,,Project Presentation,,Pitch Deck,,,,,,,,,,,,,,,,,
Unfair And Provably Fair Games,DeFi,,https://fair3d.me,,,https://github.com/staccDOTsol/unfairyetprovablyfair,,,,,,,,,,Project Presentation,,Pitch Deck,,,,,,,,,,,,,,,,,
Unified,DeFi,,,,,https://github.com/unifiedplus/hydralink,https://homepage.gitbook.io/unified/,,,,,,,,,Project Presentation,,Pitch Deck,,,,,,,,,,,,,,,,,
Universe Hello World,DeFi,,,,,https://github.com/evergreen-trading-systems/universe/issues/1,,,,,,,,,,Project Presentation,,Pitch Deck,,,,,,,,,,,,,,,,,
Venue,DeFi,,https://docs.google.com/document/d/15qeAviBvCpUc6xXtbadySXC3LRdA-VZSvee_C_EIImk/edit?usp=sharing,,,https://github.com/jawm17/venue,,,,,,,,,,Project Presentation,,Pitch Deck,,,,,,,,,,,,,,,,,
Vestana,DeFi,,,,,https://github.com/vestana-foundation/front-end,,,,,,,,,,Project Presentation,,Pitch Deck,,,,,,,,,,,,,,,,,
Vvallet Me,DeFi,,https://drive.google.com/file/d/1OZTAAWncI80uciQUVELTrPXgUt973LOU/view?usp=sharing,,,https://github.com/trust0hq/vvallet,,,,,,,,,,Project Presentation,,Pitch Deck,,,,,,,,,,,,,,,,,
Vyper Protocol Permissionless Tranching,DeFi,,https://youtu.be/tZd3Y11T3ac,,,https://github.com/vyper-protocol/vyper,,,,,,,,,,Project Presentation,,Pitch Deck,,,,,,,,,,,,,,,,,
Waddler After Hours,DeFi,,"https://gitlab.com/WaddlerHQ/solana-riptide-proof-of-concept,https://drive.google.com/file/d/14daawXia-7UxhdpzwghnMT2Hi6GADNWk/view?usp=drivesdk",,,,,,,,,,,,,Project Presentation,,Pitch Deck,,,,,,,,,,,,,,,,,
Wagmi Bio,DeFi,,https://www.youtube.com/watch?v=sRHyaHi1Dts,,,https://github.com/kb24x7/wagmi,,,,,,,,,,Project Presentation,,Pitch Deck,,,,,,,,,,,,,,,,,
Wag Pay,DeFi,,https://bit.ly/34Moqse,,,https://github.com/sk1122/wagpay,,,,,,,,,,Project Presentation,,Pitch Deck,,,,,,,,,,,,,,,,,
Wasmium Mail,DeFi,,,,,https://github.com/wasmium/riptide-demo,,,,,,,,,,Project Presentation,,Pitch Deck,,,,,,,,,,,,,,,,,
Web3 Virtual Celebrity Powered By Ai Blockchain And Dao,DeFi,,https://vimeo.com/manage/videos/688721899,,,https://github.com/Vera-AI-Technology,,,,,,,,,,Project Presentation,,Pitch Deck,,,,,,,,,,,,,,,,,
West Wind Drift,DeFi,,https://youtu.be/NSMv52vJcKo,,,https://github.com/bloXroute-Labs/west-wind-drift,,,,,,,,,,Project Presentation,,Pitch Deck,,,,,,,,,,,,,,,,,
Whatever,DeFi,,,,,https://github.com/BlitzScaling/death-star,,,,,,,,,,Project Presentation,,Pitch Deck,,,,,,,,,,,,,,,,,
Windex Fastest Solana Nft Indexer,DeFi,,https://www.loom.com/share/4b41234f90b64d3a94ea53e29f092be2,,,https://github.com/wonka-labs/wonka-js/blob/main/WINDEX.md,,,,,,,,,,Project Presentation,,Pitch Deck,,,,,,,,,,,,,,,,,
Wordcel,DeFi,,https://drive.google.com/file/d/1RL4TnGWQA7tEuZfNjiaVnTuHHp6dw9_8/view,,,https://github.com/Wordcel/wordcel,,,,,,,,,,Project Presentation,,Pitch Deck,,,,,,,,,,,,,,,,,
Wurklo,DeFi,,https://www.wurklo.com/,,,https://github.com/Wurklo/Wurklo_Mobile_App.git,,,,,,,,,,Project Presentation,,Pitch Deck,,,,,,,,,,,,,,,,,
Yami Pay,DeFi,,,,,https://github.com/0xNico/yami-pay,,,,,,,,,,Project Presentation,,Pitch Deck,,,,,,,,,,,,,,,,,
You 3 Dtoken,DeFi,,https://youtu.be/JZ_jnJPveTc,,,https://github.com/you3dtoken,,,,,,,,,,Project Presentation,,Pitch Deck,,,,,,,,,,,,,,,,,
Zetta Trade,DeFi,,https://rebrand.ly/gt30zps,,,https://github.com/Zettablock,,,,,,,,,,Project Presentation,,Pitch Deck,,,,,,,,,,,,,,,,,
Zirconwallet,DeFi,,"https://www.zirconwallet.com,https://www.youtube.com/watch?v=7jnDh7oebFg",,,,,,,,,,,,,Project Presentation,,Pitch Deck,,,,,,,,,,,,,,,,,
Zk Swap,DeFi,,https://youtu.be/E-bcTf45RaU,,,https://github.com/tuphan-dn/zkswap,,,,,,,,,,Project Presentation,,Pitch Deck,,,,,,,,,,,,,,,,,
Zod,DeFi,,,,,https://github.com/zoddn/zod,,,,,,,,,,Project Presentation,,Pitch Deck,,,,,,,,,,,,,,,,,
Energy8,DeFi,,https://www.youtube.com/watch?v=v9HxI4rWX30&t=21s,,,https://github.com/E8Token,,,,,,,,,,Project Presentation,,Pitch Deck,,,,,,,,,,,,,,,,,
Enjoy,DeFi,,https://enjoy-download.s3.amazonaws.com/ENJOY+BP.pdf,,,https://github.com/ENJOY-LAB/,,,,,,,,,,Project Presentation,,Pitch Deck,,,,,,,,,,,,,,,,,
Entrance,DeFi,,https://wind-document.vercel.app/Entrance,,,https://github.com/Wind-protocols/Entrance,,,,,,,,,,Project Presentation,,Pitch Deck,,,,,,,,,,,,,,,,,
Envelop,DeFi,,https://drive.google.com/file/d/1xx18v6ThO3wSfuKYdLoNPTWwLrw5bCE4,,,https://github.com/niftsy/niftsysmarts,,,,,,,,,,Project Presentation,,Pitch Deck,,,,,,,,,,,,,,,,,
Escape Run,DeFi,,https://drive.google.com/file/d/1JURgZQe1pRkWz9LVGMz1d9Ue3_39l8A1/view?usp=sharing,,,https://github.com/lalala45/escape_run_sources,,,,,,,,,,Project Presentation,,Pitch Deck,,,,,,,,,,,,,,,,,
Companion,DeFi,,"https://gitlab.com/breakfree-trading-platform/companion,https://youtu.be/wswGayv_lKc",,,,,,,,,,,,,Project Presentation,,Pitch Deck,,,,,,,,,,,,,,,,,